status,n_targets,min_chain_len,heldout,null_gap,truth,R,n0,n1,n2,mm_dim,height,family,layer_count,moves,window,seed,gate_pass,stage,code_version
ok,44.0,25.0,0.1075,-0.0475,0.5201558720773986,172244.0,9472.0,3541.0,114.0,1.068222786702452,43.0,layered,25.0,20.0,60.0,100.0,0.0,P6-B,d0d2220
ok,44.0,27.0,0.13125,0.13375,0.3635876840696118,171190.0,3967.0,3671.0,2065.0,1.0779751465606013,79.0,layered,25.0,100.0,60.0,100.0,0.0,P6-B,d0d2220
ok,44.0,40.0,0.13,0.04874999999999999,0.33460626810639976,164660.0,2417.0,1760.0,1613.0,1.1390810925219128,98.0,layered,25.0,500.0,60.0,100.0,0.0,P6-B,d0d2220
ok,44.0,40.0,0.18875,-0.04874999999999999,0.3939845549383552,174770.0,7352.0,801.0,217.0,1.0449647839017007,49.0,layered,40.0,20.0,60.0,100.0,0.0,P6-B,d0d2220
ok,44.0,40.0,0.1275,0.06375,0.3019476158495635,172706.0,4382.0,2345.0,694.0,1.0639570605175965,78.0,layered,40.0,100.0,60.0,100.0,0.0,P6-B,d0d2220
ok,44.0,41.0,0.21,0.01125000000000001,0.3540732929079884,165502.0,2483.0,1722.0,1497.0,1.1311317036824011,101.0,layered,40.0,500.0,60.0,100.0,0.0,P6-B,d0d2220
ok,44.0,52.0,0.09375,0.07874999999999999,0.3150066401062417,173905.0,3665.0,1105.0,546.0,1.0529115152927648,91.0,layered,60.0,100.0,60.0,100.0,0.0,P6-B,d0d2220
ok,44.0,42.0,0.10375,0.08625000000000001,0.24489257941215237,165573.0,2349.0,1670.0,1500.0,1.1304623809550787,104.0,layered,60.0,500.0,60.0,100.0,0.0,P6-B,d0d2220
ok,44.0,25.0,0.1675,-0.04125000000000001,0.4722521551724138,172359.0,10241.0,2158.0,487.0,1.0671604629245053,37.0,layered,25.0,20.0,60.0,101.0,0.0,P6-B,d0d2220
ok,44.0,28.0,0.25,0.012500000000000011,0.4103691856590697,170947.0,4530.0,3995.0,1598.0,1.0802276837886353,74.0,layered,25.0,100.0,60.0,101.0,0.0,P6-B,d0d2220
ok,44.0,41.0,0.18,0.018750000000000017,0.368372582554927,164613.0,2483.0,1838.0,1536.0,1.1395254687843375,93.0,layered,25.0,500.0,60.0,101.0,0.0,P6-B,d0d2220
ok,44.0,40.0,0.07,0.0024999999999999883,0.42831565900013774,174747.0,7806.0,490.0,82.0,1.0451758513149159,48.0,layered,40.0,20.0,60.0,101.0,0.0,P6-B,d0d2220
ok,44.0,40.0,0.12875,0.0325,0.3619697577947277,172429.0,4931.0,1755.0,676.0,1.0665139966058925,79.0,layered,40.0,100.0,60.0,101.0,0.0,P6-B,d0d2220
ok,44.0,43.0,0.2,0.05499999999999999,0.23222499671441713,165497.0,2484.0,1784.0,1493.0,1.1311788448734426,99.0,layered,40.0,500.0,60.0,101.0,0.0,P6-B,d0d2220
ok,44.0,53.0,0.15375,0.03375,0.4288372093023256,173290.0,4045.0,978.0,491.0,1.058572608925819,85.0,layered,60.0,100.0,60.0,101.0,0.0,P6-B,d0d2220
ok,44.0,41.0,0.2725,-0.06875000000000003,0.38605263157894737,165660.0,2447.0,1746.0,1394.0,1.1296424340276507,105.0,layered,60.0,500.0,60.0,101.0,0.0,P6-B,d0d2220
ok,44.0,25.0,0.06375,-0.015,0.5326204656199242,172248.0,9546.0,3613.0,184.0,1.0681858306248033,41.0,layered,25.0,20.0,60.0,102.0,0.0,P6-B,d0d2220
ok,44.0,30.0,0.24375,0.017499999999999988,0.4534510433386838,171103.0,4719.0,3347.0,2149.0,1.0787814309147143,67.0,layered,25.0,100.0,60.0,102.0,0.0,P6-B,d0d2220
ok,44.0,44.0,0.09125,0.12375,0.2390011890606421,165007.0,2478.0,1783.0,1572.0,1.1358023925248926,97.0,layered,25.0,500.0,60.0,102.0,1.0,P6-B,d0d2220
ok,44.0,40.0,0.10625,0.09250000000000001,0.43257514216084486,174598.0,7541.0,883.0,47.0,1.0465435072716907,47.0,layered,40.0,20.0,60.0,102.0,0.0,P6-B,d0d2220
ok,44.0,40.0,0.17875,0.026249999999999996,0.40790176187933797,172637.0,5074.0,1721.0,678.0,1.0645938046223757,74.0,layered,40.0,100.0,60.0,102.0,0.0,P6-B,d0d2220
ok,44.0,42.0,0.1875,0.10375000000000001,0.27371059227014904,165277.0,2464.0,1809.0,1539.0,1.1332538129857608,95.0,layered,40.0,500.0,60.0,102.0,0.0,P6-B,d0d2220
ok,44.0,53.0,0.2225,-0.007500000000000007,0.37443166622091467,173730.0,4128.0,1047.0,469.0,1.0545214466673345,86.0,layered,60.0,100.0,60.0,102.0,0.0,P6-B,d0d2220
ok,44.0,41.0,0.16375,0.09499999999999997,0.31269799366420276,165448.0,2409.0,1698.0,1482.0,1.1316408688865884,99.0,layered,60.0,500.0,60.0,102.0,0.0,P6-B,d0d2220
ok,44.0,25.0,0.0675,0.03375,0.504899292324442,172226.0,10973.0,1964.0,246.0,1.0683890941288432,41.0,layered,25.0,20.0,60.0,103.0,0.0,P6-B,d0d2220
ok,44.0,26.0,0.14,0.06999999999999998,0.39564867042707497,170989.0,5445.0,3347.0,1737.0,1.0798382445434411,65.0,layered,25.0,100.0,60.0,103.0,0.0,P6-B,d0d2220
ok,44.0,40.0,0.19,0.014999999999999986,0.22661727741764784,164920.0,2382.0,1754.0,1546.0,1.1366240797117237,96.0,layered,25.0,500.0,60.0,103.0,0.0,P6-B,d0d2220
ok,44.0,40.0,0.03375,0.05374999999999999,0.37396351575456055,174742.0,7707.0,678.0,163.0,1.045221737205467,53.0,layered,40.0,20.0,60.0,103.0,0.0,P6-B,d0d2220
ok,44.0,40.0,0.20125,-0.04375000000000001,0.3545515846257586,172847.0,5058.0,1743.0,648.0,1.06265626224828,77.0,layered,40.0,100.0,60.0,103.0,0.0,P6-B,d0d2220
ok,44.0,44.0,0.20125,-0.035,0.39262012211308733,165498.0,2427.0,1843.0,1501.0,1.131169416574275,94.0,layered,40.0,500.0,60.0,103.0,0.0,P6-B,d0d2220
ok,44.0,54.0,0.1225,0.0875,0.3653564290473018,173788.0,3971.0,906.0,556.0,1.0539877861815903,87.0,layered,60.0,100.0,60.0,103.0,0.0,P6-B,d0d2220
ok,44.0,46.0,0.14875,0.08375000000000002,0.30149490673369495,165781.0,2429.0,1725.0,1466.0,1.1285024300490738,99.0,layered,60.0,500.0,60.0,103.0,0.0,P6-B,d0d2220
ok,44.0,25.0,0.0575,0.1225,0.4710252600297177,172174.0,10589.0,2154.0,405.0,1.0688695845040028,37.0,layered,25.0,20.0,60.0,104.0,0.0,P6-B,d0d2220
ok,44.0,27.0,0.13625,0.0625,0.41390460792239286,170958.0,4410.0,3741.0,1900.0,1.0801256832695625,69.0,layered,25.0,100.0,60.0,104.0,0.0,P6-B,d0d2220
ok,44.0,41.0,0.1,0.19375,0.37102100118874654,163945.0,2440.0,1894.0,1576.0,1.1458487544802756,98.0,layered,25.0,500.0,60.0,104.0,1.0,P6-B,d0d2220
ok,44.0,40.0,0.07375,0.12875000000000003,0.35286902003543685,174673.0,7932.0,454.0,157.0,1.045855023471196,46.0,layered,40.0,20.0,60.0,104.0,1.0,P6-B,d0d2220
ok,44.0,40.0,0.18625,-0.01874999999999999,0.3717452263319535,172447.0,4834.0,2006.0,659.0,1.06634778262071,77.0,layered,40.0,100.0,60.0,104.0,0.0,P6-B,d0d2220
ok,44.0,43.0,0.09,0.07625000000000001,0.27039534576226365,164358.0,2444.0,1833.0,1502.0,1.1419376469074543,98.0,layered,40.0,500.0,60.0,104.0,0.0,P6-B,d0d2220
ok,44.0,52.0,0.19125,0.0012500000000000011,0.3594919786096257,173442.0,3847.0,1143.0,494.0,1.0571725746340594,88.0,layered,60.0,100.0,60.0,104.0,0.0,P6-B,d0d2220
ok,44.0,41.0,0.095,0.15,0.2206231845788223,164693.0,2456.0,1824.0,1433.0,1.1387691247043685,101.0,layered,60.0,500.0,60.0,104.0,1.0,P6-B,d0d2220
ok,44.0,25.0,0.025,0.03125,0.49262536873156343,172576.0,9631.0,3037.0,445.0,1.0651568238653555,44.0,layered,25.0,20.0,60.0,105.0,0.0,P6-B,d0d2220
ok,44.0,29.0,0.185,0.05374999999999999,0.46750133191262655,171366.0,4230.0,3838.0,1854.0,1.0763446527867537,75.0,layered,25.0,100.0,60.0,105.0,0.0,P6-B,d0d2220
ok,44.0,43.0,0.1975,-0.0062500000000000056,0.38724133386055093,164454.0,2492.0,1907.0,1660.0,1.1410292944515632,89.0,layered,25.0,500.0,60.0,105.0,0.0,P6-B,d0d2220
ok,44.0,40.0,0.125,-0.0025000000000000022,0.4361731458505652,174963.0,7214.0,1082.0,149.0,1.0431941492774932,52.0,layered,40.0,20.0,60.0,105.0,0.0,P6-B,d0d2220
ok,44.0,41.0,0.1475,-0.041249999999999995,0.38277703604806407,172855.0,4410.0,1948.0,839.0,1.0625824731352322,81.0,layered,40.0,100.0,60.0,105.0,0.0,P6-B,d0d2220
ok,44.0,41.0,0.17,0.07499999999999998,0.34283828382838283,164985.0,2530.0,1763.0,1522.0,1.136010153422676,99.0,layered,40.0,500.0,60.0,105.0,0.0,P6-B,d0d2220
ok,44.0,54.0,0.07,0.17124999999999999,0.33537315418384994,173989.0,3651.0,1157.0,403.0,1.0521390145541512,98.0,layered,60.0,100.0,60.0,105.0,1.0,P6-B,d0d2220
ok,44.0,45.0,0.1625,0.06625,0.27530311017395886,165235.0,2444.0,1675.0,1415.0,1.1336501116149238,104.0,layered,60.0,500.0,60.0,105.0,0.0,P6-B,d0d2220
ok,44.0,25.0,0.06125,0.0875,0.4641752923780078,172419.0,7291.0,5015.0,618.0,1.0666063412794422,45.0,layered,25.0,20.0,60.0,106.0,0.0,P6-B,d0d2220
ok,44.0,26.0,0.15875,0.09249999999999997,0.3905143620574482,171287.0,3217.0,3746.0,2660.0,1.0770764212982789,78.0,layered,25.0,100.0,60.0,106.0,0.0,P6-B,d0d2220
ok,44.0,46.0,0.1525,0.0,0.31576872536136663,164781.0,2371.0,1752.0,1564.0,1.137937375864266,95.0,layered,25.0,500.0,60.0,106.0,0.0,P6-B,d0d2220
ok,44.0,40.0,0.1175,-0.0012499999999999872,0.5068735538314958,174860.0,6954.0,1249.0,116.0,1.0441389891299364,54.0,layered,40.0,20.0,60.0,106.0,0.0,P6-B,d0d2220
ok,44.0,39.0,0.1525,0.06625,0.34226666666666666,172782.0,4315.0,2270.0,744.0,1.0632558586352219,83.0,layered,40.0,100.0,60.0,106.0,0.0,P6-B,d0d2220
ok,44.0,46.0,0.14,0.0875,0.43,165374.0,2436.0,1654.0,1530.0,1.1323387583478333,98.0,layered,40.0,500.0,60.0,106.0,0.0,P6-B,d0d2220
ok,44.0,50.0,0.1475,0.036250000000000004,0.3284953395472703,173836.0,3685.0,1241.0,397.0,1.0535461985700647,93.0,layered,60.0,100.0,60.0,106.0,0.0,P6-B,d0d2220
ok,44.0,44.0,0.12875,0.0037500000000000033,0.24244017880620564,165816.0,2320.0,1741.0,1467.0,1.1281727595381934,100.0,layered,60.0,500.0,60.0,106.0,0.0,P6-B,d0d2220
ok,44.0,25.0,0.06375,0.035,0.5158783331100094,172218.0,10234.0,2796.0,119.0,1.0684630112079985,39.0,layered,25.0,20.0,60.0,107.0,0.0,P6-B,d0d2220
ok,44.0,28.0,0.1525,0.08125000000000002,0.3333775713337757,170650.0,4680.0,3484.0,2073.0,1.082982915695946,67.0,layered,25.0,100.0,60.0,107.0,0.0,P6-B,d0d2220
ok,44.0,42.0,0.2275,0.06125,0.3385691657866948,163775.0,2336.0,1889.0,1571.0,1.1474602173818536,95.0,layered,25.0,500.0,60.0,107.0,0.0,P6-B,d0d2220
ok,44.0,40.0,0.03125,0.10750000000000001,0.4008661523886859,174580.0,7213.0,1152.0,50.0,1.0467087634361665,50.0,layered,40.0,20.0,60.0,107.0,0.0,P6-B,d0d2220
ok,44.0,40.0,0.1725,-0.006249999999999978,0.3891697711548696,172294.0,4756.0,1751.0,867.0,1.0677608652007695,79.0,layered,40.0,100.0,60.0,107.0,0.0,P6-B,d0d2220
ok,44.0,40.0,0.18125,0.0037500000000000033,0.33188291139240506,164363.0,2398.0,1923.0,1486.0,1.1418903297652214,100.0,layered,40.0,500.0,60.0,107.0,0.0,P6-B,d0d2220
ok,44.0,51.0,0.18875,0.07249999999999998,0.4161795961742827,173280.0,3918.0,988.0,415.0,1.0586647365839923,87.0,layered,60.0,100.0,60.0,107.0,0.0,P6-B,d0d2220
ok,44.0,45.0,0.1275,0.04375000000000001,0.2738299274884641,164761.0,2471.0,1705.0,1373.0,1.1381263885905266,100.0,layered,60.0,500.0,60.0,107.0,0.0,P6-B,d0d2220
ok,44.0,25.0,0.1425,0.05750000000000002,0.4853777416734362,172151.0,10056.0,2300.0,369.0,1.0690821312426628,36.0,layered,25.0,20.0,60.0,108.0,0.0,P6-B,d0d2220
ok,44.0,28.0,0.20125,0.0024999999999999745,0.4697499327776284,170501.0,4640.0,3151.0,2087.0,1.084366058447158,65.0,layered,25.0,100.0,60.0,108.0,0.0,P6-B,d0d2220
ok,44.0,44.0,0.1975,-0.036250000000000004,0.3495902722706846,165302.0,2405.0,1835.0,1658.0,1.1330179466106078,94.0,layered,25.0,500.0,60.0,108.0,0.0,P6-B,d0d2220
ok,44.0,40.0,0.17,-0.0037500000000000033,0.33342303552206676,174685.0,7391.0,971.0,65.0,1.0457448785559675,49.0,layered,40.0,20.0,60.0,108.0,0.0,P6-B,d0d2220
ok,44.0,40.0,0.14125,0.06625,0.34296028880866425,172187.0,4562.0,1980.0,717.0,1.068749455402302,72.0,layered,40.0,100.0,60.0,108.0,0.0,P6-B,d0d2220
ok,44.0,44.0,0.11,0.115,0.2323645970937913,165680.0,2352.0,1792.0,1411.0,1.1294539729864117,103.0,layered,40.0,500.0,60.0,108.0,0.0,P6-B,d0d2220
ok,44.0,54.0,0.10625,0.105,0.42290158219361756,173145.0,4088.0,912.0,431.0,1.0599087040015718,81.0,layered,60.0,100.0,60.0,108.0,0.0,P6-B,d0d2220
ok,44.0,43.0,0.11625,0.11625,0.31295391522514193,166030.0,2431.0,1765.0,1386.0,1.1261578646080093,103.0,layered,60.0,500.0,60.0,108.0,0.0,P6-B,d0d2220
ok,44.0,25.0,0.13625,-0.007500000000000007,0.44973687761435704,172136.0,9636.0,3411.0,233.0,1.0692207560059996,37.0,layered,25.0,20.0,60.0,109.0,0.0,P6-B,d0d2220
ok,44.0,26.0,0.37375,-0.11875000000000002,0.4199864956110736,170891.0,5194.0,2949.0,1866.0,1.0807470090044906,71.0,layered,25.0,100.0,60.0,109.0,0.0,P6-B,d0d2220
ok,44.0,44.0,0.1475,0.03,0.2928373565492679,164750.0,2466.0,1826.0,1489.0,1.1382303508783709,93.0,layered,25.0,500.0,60.0,109.0,0.0,P6-B,d0d2220
ok,44.0,40.0,0.06625,0.19499999999999998,0.3699658703071672,174562.0,7641.0,751.0,77.0,1.0468740273713224,47.0,layered,40.0,20.0,60.0,109.0,1.0,P6-B,d0d2220
ok,44.0,40.0,0.13,0.1175,0.3981991667786588,172351.0,5066.0,1581.0,668.0,1.0672343527584953,74.0,layered,40.0,100.0,60.0,109.0,0.0,P6-B,d0d2220
ok,44.0,43.0,0.2575,-0.03125,0.42704344381354814,165544.0,2407.0,1735.0,1490.0,1.1307357477502311,104.0,layered,40.0,500.0,60.0,109.0,0.0,P6-B,d0d2220
ok,44.0,54.0,0.16375,0.017499999999999988,0.3443452777407753,173430.0,3900.0,1028.0,555.0,1.0572830828019697,90.0,layered,60.0,100.0,60.0,109.0,0.0,P6-B,d0d2220
ok,44.0,43.0,0.195,-0.04375000000000001,0.22771100250957602,165693.0,2455.0,1661.0,1372.0,1.129331479819605,105.0,layered,60.0,500.0,60.0,109.0,0.0,P6-B,d0d2220
ok,44.0,25.0,0.10375,0.05750000000000001,0.49352576207175614,172214.0,10402.0,1528.0,814.0,1.0684999703633071,35.0,layered,25.0,20.0,60.0,110.0,0.0,P6-B,d0d2220
ok,44.0,27.0,0.19875,0.03874999999999998,0.3591586794462194,170596.0,4547.0,3466.0,1667.0,1.083484120115906,67.0,layered,25.0,100.0,60.0,110.0,0.0,P6-B,d0d2220
ok,44.0,43.0,0.18125,0.027499999999999997,0.2949241924851681,164538.0,2487.0,1900.0,1578.0,1.1402347222818063,92.0,layered,25.0,500.0,60.0,110.0,0.0,P6-B,d0d2220
ok,44.0,40.0,0.03375,0.12875,0.40856716822556594,174578.0,7897.0,314.0,117.0,1.0467271257118158,44.0,layered,40.0,20.0,60.0,110.0,0.0,P6-B,d0d2220
ok,44.0,40.0,0.3075,-0.09,0.3810099382218641,171856.0,5095.0,1563.0,659.0,1.071809482856759,66.0,layered,40.0,100.0,60.0,110.0,0.0,P6-B,d0d2220
ok,44.0,43.0,0.1675,-0.03875000000000001,0.34317098994176815,164870.0,2567.0,1762.0,1551.0,1.1370964195383468,89.0,layered,40.0,500.0,60.0,110.0,0.0,P6-B,d0d2220
ok,44.0,54.0,0.1475,0.10624999999999998,0.3272434175174637,172783.0,4158.0,868.0,452.0,1.0632466332677173,75.0,layered,60.0,100.0,60.0,110.0,0.0,P6-B,d0d2220
ok,44.0,45.0,0.26,0.044999999999999984,0.3538969616908851,165095.0,2493.0,1711.0,1401.0,1.134971498117424,104.0,layered,60.0,500.0,60.0,110.0,0.0,P6-B,d0d2220
ok,44.0,25.0,0.21625,-0.11499999999999999,0.47058823529411764,172097.0,11157.0,2041.0,122.0,1.069581207474108,34.0,layered,25.0,20.0,60.0,111.0,0.0,P6-B,d0d2220
ok,44.0,26.0,0.12875,0.10500000000000001,0.3820299946438136,170605.0,4975.0,3675.0,1847.0,1.0834005806199771,66.0,layered,25.0,100.0,60.0,111.0,0.0,P6-B,d0d2220
ok,44.0,43.0,0.26125,-0.09249999999999997,0.3578864145473712,163777.0,2416.0,1829.0,1636.0,1.1474412536689282,93.0,layered,25.0,500.0,60.0,111.0,0.0,P6-B,d0d2220
ok,44.0,40.0,0.0575,0.14500000000000002,0.49438509997261026,174451.0,7961.0,400.0,62.0,1.047893326930006,45.0,layered,40.0,20.0,60.0,111.0,0.0,P6-B,d0d2220
ok,44.0,40.0,0.20125,-0.0625,0.4028594334580438,172459.0,4918.0,1957.0,636.0,1.0662369778864171,71.0,layered,40.0,100.0,60.0,111.0,0.0,P6-B,d0d2220
ok,44.0,42.0,0.20375,0.048750000000000016,0.3664252797893351,164403.0,2411.0,1849.0,1461.0,1.1415118207996438,108.0,layered,40.0,500.0,60.0,111.0,0.0,P6-B,d0d2220
ok,44.0,55.0,0.2025,0.006249999999999978,0.33196177329439874,173449.0,4170.0,930.0,414.0,1.0571081131846478,84.0,layered,60.0,100.0,60.0,111.0,0.0,P6-B,d0d2220
ok,44.0,40.0,0.20625,-0.023749999999999993,0.4036636794939378,164635.0,2418.0,1769.0,1418.0,1.1393174543187938,109.0,layered,60.0,500.0,60.0,111.0,0.0,P6-B,d0d2220
ok,44.0,25.0,0.3225,-0.0675,0.45070043103448276,172287.0,9911.0,2976.0,489.0,1.0678255303558064,42.0,layered,25.0,20.0,60.0,112.0,0.0,P6-B,d0d2220
ok,44.0,27.0,0.3575,-0.13374999999999998,0.40524703688906644,171132.0,3876.0,3653.0,2115.0,1.078512647243155,74.0,layered,25.0,100.0,60.0,112.0,0.0,P6-B,d0d2220
ok,44.0,43.0,0.06625,0.2325,0.2119700748129676,164266.0,2441.0,1885.0,1574.0,1.1428084221461283,94.0,layered,25.0,500.0,60.0,112.0,1.0,P6-B,d0d2220
ok,44.0,40.0,0.035,0.11124999999999999,0.4663021189336979,174928.0,7302.0,1139.0,120.0,1.0435151831063907,53.0,layered,40.0,20.0,60.0,112.0,0.0,P6-B,d0d2220
ok,44.0,39.0,0.18,0.057499999999999996,0.4171420809562619,173081.0,4248.0,2131.0,898.0,1.0604985957911506,80.0,layered,40.0,100.0,60.0,112.0,0.0,P6-B,d0d2220
ok,44.0,41.0,0.21625,-0.09375,0.3004196170993968,165053.0,2439.0,1823.0,1455.0,1.135368031598277,103.0,layered,40.0,500.0,60.0,112.0,0.0,P6-B,d0d2220
ok,44.0,54.0,0.11625,0.09999999999999999,0.3588586595885866,173826.0,3909.0,1150.0,468.0,1.0536381913296489,87.0,layered,60.0,100.0,60.0,112.0,0.0,P6-B,d0d2220
ok,44.0,41.0,0.21625,0.04999999999999999,0.38413032054650553,165164.0,2329.0,1727.0,1506.0,1.1343201680829904,110.0,layered,60.0,500.0,60.0,112.0,0.0,P6-B,d0d2220
ok,44.0,25.0,0.065,0.011249999999999996,0.47370550161812297,172277.0,9819.0,3033.0,516.0,1.067917911325408,41.0,layered,25.0,20.0,60.0,113.0,0.0,P6-B,d0d2220
ok,44.0,26.0,0.14625,0.015000000000000013,0.4307898259705489,170482.0,4716.0,3708.0,2098.0,1.0845424752020993,68.0,layered,25.0,100.0,60.0,113.0,0.0,P6-B,d0d2220
ok,44.0,41.0,0.11625,0.04375,0.4495776135163675,164525.0,2472.0,1897.0,1514.0,1.1403576773825193,101.0,layered,25.0,500.0,60.0,113.0,0.0,P6-B,d0d2220
ok,44.0,40.0,0.12625,-0.028749999999999998,0.46395841882095473,174772.0,7376.0,1072.0,111.0,1.044946430809949,52.0,layered,40.0,20.0,60.0,113.0,0.0,P6-B,d0d2220
ok,44.0,39.0,0.11625,0.13749999999999996,0.3655025326579579,172203.0,4976.0,1944.0,707.0,1.0686016101574278,74.0,layered,40.0,100.0,60.0,113.0,0.0,P6-B,d0d2220
ok,44.0,42.0,0.0925,0.125,0.24880889359449443,165032.0,2551.0,1830.0,1456.0,1.13556631871317,95.0,layered,40.0,500.0,60.0,113.0,1.0,P6-B,d0d2220
ok,44.0,51.0,0.1625,0.036250000000000004,0.4196286472148541,173107.0,4037.0,1069.0,484.0,1.0602589398901499,86.0,layered,60.0,100.0,60.0,113.0,0.0,P6-B,d0d2220
ok,44.0,41.0,0.13875,0.07374999999999998,0.42149088025376685,165226.0,2440.0,1776.0,1445.0,1.1337350397872443,105.0,layered,60.0,500.0,60.0,113.0,0.0,P6-B,d0d2220
ok,44.0,25.0,0.185,-0.06874999999999999,0.43295225285810357,172278.0,9364.0,3062.0,754.0,1.0679086731131946,39.0,layered,25.0,20.0,60.0,114.0,0.0,P6-B,d0d2220
ok,44.0,26.0,0.18375,-0.04000000000000001,0.38403755868544603,171318.0,3964.0,3816.0,2278.0,1.0767892520681825,70.0,layered,25.0,100.0,60.0,114.0,0.0,P6-B,d0d2220
ok,44.0,41.0,0.1975,-0.0050000000000000044,0.3232149927411904,164983.0,2389.0,1936.0,1602.0,1.1360290415174297,97.0,layered,25.0,500.0,60.0,114.0,0.0,P6-B,d0d2220
ok,44.0,40.0,0.0175,0.14,0.36951754385964913,174638.0,7308.0,836.0,132.0,1.0461762991508072,50.0,layered,40.0,20.0,60.0,114.0,1.0,P6-B,d0d2220
ok,44.0,40.0,0.1475,0.027499999999999997,0.3563865433587991,172776.0,4600.0,1762.0,838.0,1.0633112113706575,78.0,layered,40.0,100.0,60.0,114.0,0.0,P6-B,d0d2220
ok,44.0,42.0,0.19625,0.0050000000000000044,0.3620213185945519,165463.0,2383.0,1779.0,1475.0,1.1314994251863153,106.0,layered,40.0,500.0,60.0,114.0,0.0,P6-B,d0d2220
ok,44.0,53.0,0.185,0.007500000000000007,0.37292854302001854,173673.0,3887.0,1011.0,445.0,1.0550459866865722,87.0,layered,60.0,100.0,60.0,114.0,0.0,P6-B,d0d2220
ok,44.0,41.0,0.12,0.0625,0.37417654808959155,165852.0,2435.0,1673.0,1427.0,1.1278337085276542,106.0,layered,60.0,500.0,60.0,114.0,0.0,P6-B,d0d2220
ok,44.0,25.0,0.06625,0.057499999999999996,0.45162596140871675,172022.0,11371.0,1593.0,318.0,1.070274493458892,36.0,layered,25.0,20.0,60.0,115.0,0.0,P6-B,d0d2220
ok,44.0,27.0,0.1625,0.03875000000000001,0.4116856950973808,170720.0,4240.0,3778.0,2221.0,1.0823333224333052,68.0,layered,25.0,100.0,60.0,115.0,0.0,P6-B,d0d2220
ok,44.0,47.0,0.10875,0.09624999999999999,0.19526003949967083,164291.0,2381.0,1882.0,1503.0,1.1425717721812365,98.0,layered,25.0,500.0,60.0,115.0,0.0,P6-B,d0d2220
ok,44.0,40.0,0.01125,0.07250000000000001,0.47032845707976817,174636.0,7360.0,968.0,22.0,1.0461946586466575,49.0,layered,40.0,20.0,60.0,115.0,0.0,P6-B,d0d2220
ok,44.0,40.0,0.145,0.016250000000000014,0.35400724929520744,172496.0,4718.0,1781.0,888.0,1.0658953530528423,74.0,layered,40.0,100.0,60.0,115.0,0.0,P6-B,d0d2220
ok,44.0,41.0,0.19125,0.07249999999999998,0.4277243378574252,164655.0,2466.0,1947.0,1501.0,1.1391283633262619,97.0,layered,40.0,500.0,60.0,115.0,0.0,P6-B,d0d2220
ok,44.0,55.0,0.1575,0.12999999999999998,0.42381205203079375,173318.0,3955.0,1079.0,520.0,1.0583146647255877,86.0,layered,60.0,100.0,60.0,115.0,0.0,P6-B,d0d2220
ok,44.0,42.0,0.22625,0.0,0.3282301702520787,164787.0,2425.0,1786.0,1414.0,1.1378806744650092,106.0,layered,60.0,500.0,60.0,115.0,0.0,P6-B,d0d2220
ok,44.0,25.0,0.04625,0.05500000000000001,0.5092082269122193,172351.0,8755.0,4025.0,489.0,1.0672343527584953,45.0,layered,25.0,20.0,60.0,116.0,0.0,P6-B,d0d2220
ok,44.0,26.0,0.2075,-0.03999999999999998,0.3350247028975831,171095.0,3725.0,3463.0,2703.0,1.0788555820481203,77.0,layered,25.0,100.0,60.0,116.0,0.0,P6-B,d0d2220
ok,44.0,43.0,0.1875,-0.008750000000000008,0.3755424063116371,165071.0,2448.0,1864.0,1555.0,1.135198082027077,97.0,layered,25.0,500.0,60.0,116.0,0.0,P6-B,d0d2220
ok,44.0,40.0,0.0725,0.13124999999999998,0.423224043715847,174747.0,7477.0,987.0,115.0,1.0451758513149159,51.0,layered,40.0,20.0,60.0,116.0,0.0,P6-B,d0d2220
ok,44.0,40.0,0.23875,-0.03375,0.35916722632639353,172595.0,4650.0,2241.0,666.0,1.0649814470878765,77.0,layered,40.0,100.0,60.0,116.0,0.0,P6-B,d0d2220
ok,44.0,42.0,0.13625,0.04874999999999999,0.3640194916370341,165715.0,2433.0,1798.0,1490.0,1.1291241953706308,94.0,layered,40.0,500.0,60.0,116.0,0.0,P6-B,d0d2220
ok,44.0,54.0,0.265,0.05124999999999996,0.45397877984084883,173661.0,3747.0,1175.0,493.0,1.0551564263547766,96.0,layered,60.0,100.0,60.0,116.0,0.0,P6-B,d0d2220
ok,44.0,41.0,0.28625,-0.1,0.38486798896624197,166011.0,2333.0,1819.0,1381.0,1.126336701296188,112.0,layered,60.0,500.0,60.0,116.0,0.0,P6-B,d0d2220
ok,44.0,25.0,0.0475,0.12000000000000001,0.4633884186483945,172186.0,10006.0,2645.0,328.0,1.0687586959483424,38.0,layered,25.0,20.0,60.0,117.0,0.0,P6-B,d0d2220
ok,44.0,27.0,0.12,0.04125000000000001,0.3785258116019159,170461.0,4866.0,3597.0,2015.0,1.0847374734361765,68.0,layered,25.0,100.0,60.0,117.0,0.0,P6-B,d0d2220
ok,44.0,44.0,0.05,0.1825,0.18280137166974414,164115.0,2466.0,1881.0,1679.0,1.1442382053530862,89.0,layered,25.0,500.0,60.0,117.0,1.0,P6-B,d0d2220
ok,44.0,40.0,0.1575,-0.0037500000000000033,0.41246372806411497,174709.0,7618.0,758.0,109.0,1.0455245990531186,48.0,layered,40.0,20.0,60.0,117.0,0.0,P6-B,d0d2220
ok,44.0,40.0,0.1625,0.022499999999999992,0.39161966156325545,172122.0,4576.0,2017.0,903.0,1.0693501443384594,76.0,layered,40.0,100.0,60.0,117.0,0.0,P6-B,d0d2220
ok,44.0,45.0,0.2525,-0.047500000000000014,0.4242063492063492,164542.0,2418.0,1893.0,1519.0,1.140196891003412,95.0,layered,40.0,500.0,60.0,117.0,0.0,P6-B,d0d2220
ok,44.0,55.0,0.16625,0.1275,0.41164738731551653,173162.0,4039.0,978.0,460.0,1.0597520312145283,80.0,layered,60.0,100.0,60.0,117.0,0.0,P6-B,d0d2220
ok,44.0,44.0,0.10125,0.04249999999999998,0.18460930293846356,164698.0,2452.0,1720.0,1482.0,1.1387218598054334,99.0,layered,60.0,500.0,60.0,117.0,0.0,P6-B,d0d2220
ok,44.0,25.0,0.0625,0.23625000000000002,0.4750101037316449,172209.0,10342.0,2599.0,311.0,1.0685461698847805,39.0,layered,25.0,20.0,60.0,118.0,0.0,P6-B,d0d2220
ok,44.0,27.0,0.22875,-0.013750000000000012,0.3680192848533548,170869.0,4441.0,3899.0,1658.0,1.0809510524405117,72.0,layered,25.0,100.0,60.0,118.0,0.0,P6-B,d0d2220
ok,44.0,41.0,0.1525,-0.023749999999999993,0.32348305752561074,164707.0,2361.0,1831.0,1582.0,1.1386367849444077,101.0,layered,25.0,500.0,60.0,118.0,0.0,P6-B,d0d2220
ok,44.0,40.0,0.05,0.20750000000000002,0.4670944838885855,174736.0,6965.0,1338.0,69.0,1.0452768010618136,52.0,layered,40.0,20.0,60.0,118.0,0.0,P6-B,d0d2220
ok,44.0,40.0,0.12875,0.007500000000000007,0.3841838097782527,172598.0,4382.0,2174.0,768.0,1.0649537568557093,79.0,layered,40.0,100.0,60.0,118.0,0.0,P6-B,d0d2220
ok,44.0,43.0,0.24625,-0.09,0.38524266736814416,165088.0,2432.0,1863.0,1469.0,1.1350375832595216,100.0,layered,40.0,500.0,60.0,118.0,0.0,P6-B,d0d2220
ok,44.0,56.0,0.1475,0.05500000000000002,0.4210804385153877,173479.0,3893.0,1091.0,390.0,1.0568318635820546,89.0,layered,60.0,100.0,60.0,118.0,0.0,P6-B,d0d2220
ok,44.0,44.0,0.20375,-0.04374999999999998,0.35349020638885237,165181.0,2420.0,1812.0,1486.0,1.1341597179345984,103.0,layered,60.0,500.0,60.0,118.0,0.0,P6-B,d0d2220
ok,44.0,25.0,0.0825,0.023749999999999993,0.47983328851841894,172385.0,9377.0,3435.0,199.0,1.0669203322580643,41.0,layered,25.0,20.0,60.0,119.0,0.0,P6-B,d0d2220
ok,44.0,27.0,0.24125,-0.01999999999999999,0.313903743315508,171115.0,4240.0,3656.0,2024.0,1.0786702073883325,70.0,layered,25.0,100.0,60.0,119.0,0.0,P6-B,d0d2220
ok,44.0,39.0,0.24125,-0.0325,0.38366107958294837,164622.0,2442.0,1892.0,1544.0,1.1394403701369988,101.0,layered,25.0,500.0,60.0,119.0,0.0,P6-B,d0d2220
ok,44.0,40.0,0.08375,0.105,0.4341337674671008,174986.0,7064.0,1250.0,51.0,1.0429832000082264,52.0,layered,40.0,20.0,60.0,119.0,0.0,P6-B,d0d2220
ok,44.0,40.0,0.2475,-0.05249999999999999,0.35689236579444295,173032.0,4628.0,1903.0,869.0,1.0609503010184445,74.0,layered,40.0,100.0,60.0,119.0,0.0,P6-B,d0d2220
ok,44.0,40.0,0.15625,0.026249999999999996,0.4379860287333597,165333.0,2558.0,1836.0,1447.0,1.1327254988854332,100.0,layered,40.0,500.0,60.0,119.0,0.0,P6-B,d0d2220
ok,44.0,53.0,0.06375,0.125,0.2678332888057708,174053.0,3807.0,1101.0,418.0,1.0515505581513507,89.0,layered,60.0,100.0,60.0,119.0,1.0,P6-B,d0d2220
ok,44.0,42.0,0.115,0.14375,0.21889431323393588,165638.0,2434.0,1720.0,1422.0,1.1298497552007172,108.0,layered,60.0,500.0,60.0,119.0,0.0,P6-B,d0d2220
