source,condition,seed,status,heldout,null_gap,truth_error,G,score_kind,code_version,epsilon
P3,sprinkled,0.0,ok,0.035,0.20875,0.17104403501894683,1.0,exact,f2a6c1d,
P3,column_shuffle,0.0,heldout_upper_bound,0.24375,,,0.0,upper_bound,f2a6c1d,
P3,sprinkled,1.0,ok,0.04,0.18625,0.27352670954193464,0.8161832261451634,exact,f2a6c1d,
P3,column_shuffle,1.0,heldout_upper_bound,0.22625,,,0.0,upper_bound,f2a6c1d,
P3,sprinkled,2.0,ok,0.0225,0.26125,0.22193040052527904,0.9451739986868024,exact,f2a6c1d,
P3,column_shuffle,2.0,heldout_upper_bound,0.28375,,,0.0,upper_bound,f2a6c1d,
P3,sprinkled,3.0,ok,0.03125,0.24625000000000002,0.18592767295597484,1.0,exact,f2a6c1d,
P3,column_shuffle,3.0,heldout_upper_bound,0.2775,,,0.0,upper_bound,f2a6c1d,
P3,sprinkled,4.0,ok,0.065,0.23249999999999998,0.21865965834428383,0.8500000000000001,exact,f2a6c1d,
P3,column_shuffle,4.0,heldout_upper_bound,0.2975,,,0.0,upper_bound,f2a6c1d,
P3,sprinkled,5.0,ok,0.02375,0.2525,0.2185577803952362,0.9536055490119095,exact,f2a6c1d,
P3,column_shuffle,5.0,heldout_upper_bound,0.27625,,,0.0,upper_bound,f2a6c1d,
P3,sprinkled,6.0,ok,0.035,0.205,0.1587696335078534,1.0,exact,f2a6c1d,
P3,column_shuffle,6.0,heldout_upper_bound,0.24,,,0.0,upper_bound,f2a6c1d,
P3,sprinkled,7.0,ok,0.035,0.23750000000000002,0.13737558931377686,1.0,exact,f2a6c1d,
P3,column_shuffle,7.0,heldout_upper_bound,0.2725,,,0.0,upper_bound,f2a6c1d,
P3,sprinkled,8.0,ok,0.04375,0.285,0.18858267716535432,1.0,exact,f2a6c1d,
P3,column_shuffle,8.0,heldout_upper_bound,0.32875,,,0.0,upper_bound,f2a6c1d,
P3,sprinkled,9.0,ok,0.02875,0.2525,0.2211337513061651,0.9471656217345872,exact,f2a6c1d,
P3,column_shuffle,9.0,heldout_upper_bound,0.28125,,,0.0,upper_bound,f2a6c1d,
P5,uniform,0.0,ok,0.03,0.24875,0.12526205450733752,1.0,exact,f2a6c1d,
P5,uniform,1.0,ok,0.04625,0.10625,0.16078947368421054,0.5624999999999999,exact,f2a6c1d,
P5,uniform,2.0,ok,0.03625,0.22999999999999998,0.12899828879820982,1.0,exact,f2a6c1d,
P5,uniform,3.0,ok,0.05875,0.17375000000000002,0.10886408404464872,0.9125000000000001,exact,f2a6c1d,
P5,uniform,4.0,ok,0.08375,0.22000000000000003,0.20802005012531327,0.6625,exact,f2a6c1d,
P5,uniform,5.0,ok,0.02625,0.28,0.1436072459963245,1.0,exact,f2a6c1d,
P5,uniform,6.0,ok,0.05,0.3225,0.16760729754560966,1.0,exact,f2a6c1d,
P5,uniform,7.0,ok,0.04875,0.20749999999999996,0.16699462154007608,1.0,exact,f2a6c1d,
P5,uniform,8.0,ok,0.0325,0.24750000000000003,0.1281916293761516,1.0,exact,f2a6c1d,
P5,uniform,9.0,ok,0.01625,0.24875000000000003,0.10115303983228512,1.0,exact,f2a6c1d,
P5,beta=2,100.0,ok,0.025,0.22624999999999998,0.14006300866369126,1.0,exact,f2a6c1d,
P5,beta=2,100.0,ok,0.0375,0.20875,0.13422642500656684,1.0,exact,f2a6c1d,
P5,beta=2,100.0,ok,0.04,0.1725,0.17796498617875478,1.0,exact,f2a6c1d,
P5,beta=2,101.0,ok,0.03125,0.26125,0.11695983197689683,1.0,exact,f2a6c1d,
P5,beta=2,101.0,ok,0.02,0.2525,0.12342602308499476,1.0,exact,f2a6c1d,
P5,beta=2,101.0,ok,0.04375,0.26125,0.13866701584391777,1.0,exact,f2a6c1d,
P5,beta=2,102.0,ok,0.02875,0.21625,0.15838590956887486,1.0,exact,f2a6c1d,
P5,beta=2,102.0,ok,0.03375,0.22999999999999998,0.14278228975635315,1.0,exact,f2a6c1d,
P5,beta=2,102.0,ok,0.02875,0.2025,0.14349657714586625,1.0,exact,f2a6c1d,
P5,beta=32,,structural_block: only 0 chains,0.0,,,0.0,exact,f2a6c1d,
P5,beta=32,,structural_block: only 0 chains,1.0,,,0.0,exact,f2a6c1d,
P5,beta=32,,structural_block: only 0 chains,0.0,,,0.0,exact,f2a6c1d,
P5,beta=32,,structural_block: only 0 chains,1.0,,,0.0,exact,f2a6c1d,
P5,beta=8,100.0,ok,0.0325,0.22124999999999997,0.11930101169360137,1.0,exact,f2a6c1d,
P5,beta=8,100.0,ok,0.04,0.3125,0.13381483913328956,1.0,exact,f2a6c1d,
P5,beta=8,100.0,ok,0.03,0.24125,0.11983144587832499,1.0,exact,f2a6c1d,
P5,beta=8,101.0,ok,0.03375,0.2475,0.13234327769746354,1.0,exact,f2a6c1d,
P5,beta=8,101.0,ok,0.04625,0.23624999999999996,0.1740327868852459,1.0,exact,f2a6c1d,
P5,beta=8,101.0,ok,0.05125,0.27125,0.1430817610062893,0.9875,exact,f2a6c1d,
P5,beta=8,102.0,ok,0.03875,0.22749999999999998,0.1330263157894737,1.0,exact,f2a6c1d,
P5,beta=8,102.0,ok,0.0175,0.23874999999999996,0.09849377865094958,1.0,exact,f2a6c1d,
P5,beta=8,102.0,ok,0.06625,0.22374999999999998,0.21662933192779021,0.8375,exact,f2a6c1d,
P6,layered_hard_negative,100.0,ok,0.1075,-0.0475,0.5201558720773986,0.0,exact,f2a6c1d,
P6,layered_hard_negative,100.0,ok,0.13125,0.13375,0.3635876840696118,0.1875,exact,f2a6c1d,
P6,layered_hard_negative,100.0,ok,0.13,0.04874999999999999,0.33460626810639976,0.0,exact,f2a6c1d,
P6,layered_hard_negative,100.0,ok,0.18875,-0.04874999999999999,0.3939845549383552,0.0,exact,f2a6c1d,
P6,layered_hard_negative,100.0,ok,0.1275,0.06375,0.3019476158495635,0.13749999999999996,exact,f2a6c1d,
P6,layered_hard_negative,100.0,ok,0.21,0.01125000000000001,0.3540732929079884,0.0,exact,f2a6c1d,
P6,layered_hard_negative,100.0,ok,0.09375,0.07874999999999999,0.3150066401062417,0.2874999999999998,exact,f2a6c1d,
P6,layered_hard_negative,100.0,ok,0.10375,0.08625000000000001,0.24489257941215237,0.36250000000000004,exact,f2a6c1d,
P6,layered_hard_negative,101.0,ok,0.1675,-0.04125000000000001,0.4722521551724138,0.0,exact,f2a6c1d,
P6,layered_hard_negative,101.0,ok,0.25,0.012500000000000011,0.4103691856590697,0.0,exact,f2a6c1d,
P6,layered_hard_negative,101.0,ok,0.18,0.018750000000000017,0.368372582554927,0.0,exact,f2a6c1d,
P6,layered_hard_negative,101.0,ok,0.07,0.0024999999999999883,0.42831565900013774,0.0,exact,f2a6c1d,
P6,layered_hard_negative,101.0,ok,0.12875,0.0325,0.3619697577947277,0.0,exact,f2a6c1d,
P6,layered_hard_negative,101.0,ok,0.2,0.05499999999999999,0.23222499671441713,0.0,exact,f2a6c1d,
P6,layered_hard_negative,101.0,ok,0.15375,0.03375,0.4288372093023256,0.0,exact,f2a6c1d,
P6,layered_hard_negative,101.0,ok,0.2725,-0.06875000000000003,0.38605263157894737,0.0,exact,f2a6c1d,
P6,layered_hard_negative,102.0,ok,0.06375,-0.015,0.5326204656199242,0.0,exact,f2a6c1d,
P6,layered_hard_negative,102.0,ok,0.24375,0.017499999999999988,0.4534510433386838,0.0,exact,f2a6c1d,
P6,layered_hard_negative,102.0,ok,0.09125,0.12375,0.2390011890606421,0.5875000000000001,exact,f2a6c1d,
P6,layered_hard_negative,102.0,ok,0.10625,0.09250000000000001,0.43257514216084486,0.4185621445978879,exact,f2a6c1d,
P6,layered_hard_negative,102.0,ok,0.17875,0.026249999999999996,0.40790176187933797,0.0,exact,f2a6c1d,
P6,layered_hard_negative,102.0,ok,0.1875,0.10375000000000001,0.27371059227014904,0.0,exact,f2a6c1d,
P6,layered_hard_negative,102.0,ok,0.2225,-0.007500000000000007,0.37443166622091467,0.0,exact,f2a6c1d,
P6,layered_hard_negative,102.0,ok,0.16375,0.09499999999999997,0.31269799366420276,0.0,exact,f2a6c1d,
P6,layered_hard_negative,103.0,ok,0.0675,0.03375,0.504899292324442,0.0,exact,f2a6c1d,
P6,layered_hard_negative,103.0,ok,0.14,0.06999999999999998,0.39564867042707497,0.09999999999999992,exact,f2a6c1d,
P6,layered_hard_negative,103.0,ok,0.19,0.014999999999999986,0.22661727741764784,0.0,exact,f2a6c1d,
P6,layered_hard_negative,103.0,ok,0.03375,0.05374999999999999,0.37396351575456055,0.03749999999999987,exact,f2a6c1d,
P6,layered_hard_negative,103.0,ok,0.20125,-0.04375000000000001,0.3545515846257586,0.0,exact,f2a6c1d,
P6,layered_hard_negative,103.0,ok,0.20125,-0.035,0.39262012211308733,0.0,exact,f2a6c1d,
P6,layered_hard_negative,103.0,ok,0.1225,0.0875,0.3653564290473018,0.2750000000000001,exact,f2a6c1d,
P6,layered_hard_negative,103.0,ok,0.14875,0.08375000000000002,0.30149490673369495,0.012500000000000122,exact,f2a6c1d,
P6,layered_hard_negative,104.0,ok,0.0575,0.1225,0.4710252600297177,0.32243684992570587,exact,f2a6c1d,
P6,layered_hard_negative,104.0,ok,0.13625,0.0625,0.41390460792239286,0.12499999999999994,exact,f2a6c1d,
P6,layered_hard_negative,104.0,ok,0.1,0.19375,0.37102100118874654,0.5,exact,f2a6c1d,
P6,layered_hard_negative,104.0,ok,0.07375,0.12875000000000003,0.35286902003543685,0.6178274499114079,exact,f2a6c1d,
P6,layered_hard_negative,104.0,ok,0.18625,-0.01874999999999999,0.3717452263319535,0.0,exact,f2a6c1d,
P6,layered_hard_negative,104.0,ok,0.09,0.07625000000000001,0.27039534576226365,0.26250000000000007,exact,f2a6c1d,
P6,layered_hard_negative,104.0,ok,0.19125,0.0012500000000000011,0.3594919786096257,0.0,exact,f2a6c1d,
P6,layered_hard_negative,104.0,ok,0.095,0.15,0.2206231845788223,0.55,exact,f2a6c1d,
P6,layered_hard_negative,105.0,ok,0.025,0.03125,0.49262536873156343,0.0,exact,f2a6c1d,
P6,layered_hard_negative,105.0,ok,0.185,0.05374999999999999,0.46750133191262655,0.0,exact,f2a6c1d,
P6,layered_hard_negative,105.0,ok,0.1975,-0.0062500000000000056,0.38724133386055093,0.0,exact,f2a6c1d,
P6,layered_hard_negative,105.0,ok,0.125,-0.0025000000000000022,0.4361731458505652,0.0,exact,f2a6c1d,
P6,layered_hard_negative,105.0,ok,0.1475,-0.041249999999999995,0.38277703604806407,0.0,exact,f2a6c1d,
P6,layered_hard_negative,105.0,ok,0.17,0.07499999999999998,0.34283828382838283,0.0,exact,f2a6c1d,
P6,layered_hard_negative,105.0,ok,0.07,0.17124999999999999,0.33537315418384994,0.6615671145403752,exact,f2a6c1d,
P6,layered_hard_negative,105.0,ok,0.1625,0.06625,0.27530311017395886,0.0,exact,f2a6c1d,
P6,layered_hard_negative,106.0,ok,0.06125,0.0875,0.4641752923780078,0.33956176905498053,exact,f2a6c1d,
P6,layered_hard_negative,106.0,ok,0.15875,0.09249999999999997,0.3905143620574482,0.0,exact,f2a6c1d,
P6,layered_hard_negative,106.0,ok,0.1525,0.0,0.31576872536136663,0.0,exact,f2a6c1d,
P6,layered_hard_negative,106.0,ok,0.1175,-0.0012499999999999872,0.5068735538314958,0.0,exact,f2a6c1d,
P6,layered_hard_negative,106.0,ok,0.1525,0.06625,0.34226666666666666,0.0,exact,f2a6c1d,
P6,layered_hard_negative,106.0,ok,0.14,0.0875,0.43,0.09999999999999992,exact,f2a6c1d,
P6,layered_hard_negative,106.0,ok,0.1475,0.036250000000000004,0.3284953395472703,0.0,exact,f2a6c1d,
P6,layered_hard_negative,106.0,ok,0.12875,0.0037500000000000033,0.24244017880620564,0.0,exact,f2a6c1d,
P6,layered_hard_negative,107.0,ok,0.06375,0.035,0.5158783331100094,0.0,exact,f2a6c1d,
P6,layered_hard_negative,107.0,ok,0.1525,0.08125000000000002,0.3333775713337757,0.0,exact,f2a6c1d,
P6,layered_hard_negative,107.0,ok,0.2275,0.06125,0.3385691657866948,0.0,exact,f2a6c1d,
P6,layered_hard_negative,107.0,ok,0.03125,0.10750000000000001,0.4008661523886859,0.4978346190282853,exact,f2a6c1d,
P6,layered_hard_negative,107.0,ok,0.1725,-0.006249999999999978,0.3891697711548696,0.0,exact,f2a6c1d,
P6,layered_hard_negative,107.0,ok,0.18125,0.0037500000000000033,0.33188291139240506,0.0,exact,f2a6c1d,
P6,layered_hard_negative,107.0,ok,0.18875,0.07249999999999998,0.4161795961742827,0.0,exact,f2a6c1d,
P6,layered_hard_negative,107.0,ok,0.1275,0.04375000000000001,0.2738299274884641,0.0,exact,f2a6c1d,
P6,layered_hard_negative,108.0,ok,0.1425,0.05750000000000002,0.4853777416734362,0.07500000000000018,exact,f2a6c1d,
P6,layered_hard_negative,108.0,ok,0.20125,0.0024999999999999745,0.4697499327776284,0.0,exact,f2a6c1d,
P6,layered_hard_negative,108.0,ok,0.1975,-0.036250000000000004,0.3495902722706846,0.0,exact,f2a6c1d,
P6,layered_hard_negative,108.0,ok,0.17,-0.0037500000000000033,0.33342303552206676,0.0,exact,f2a6c1d,
P6,layered_hard_negative,108.0,ok,0.14125,0.06625,0.34296028880866425,0.08750000000000019,exact,f2a6c1d,
P6,layered_hard_negative,108.0,ok,0.11,0.115,0.2323645970937913,0.4,exact,f2a6c1d,
P6,layered_hard_negative,108.0,ok,0.10625,0.105,0.42290158219361756,0.4375000000000001,exact,f2a6c1d,
P6,layered_hard_negative,108.0,ok,0.11625,0.11625,0.31295391522514193,0.3375,exact,f2a6c1d,
P6,layered_hard_negative,109.0,ok,0.13625,-0.007500000000000007,0.44973687761435704,0.0,exact,f2a6c1d,
P6,layered_hard_negative,109.0,ok,0.37375,-0.11875000000000002,0.4199864956110736,0.0,exact,f2a6c1d,
P6,layered_hard_negative,109.0,ok,0.1475,0.03,0.2928373565492679,0.0,exact,f2a6c1d,
P6,layered_hard_negative,109.0,ok,0.06625,0.19499999999999998,0.3699658703071672,0.575085324232082,exact,f2a6c1d,
P6,layered_hard_negative,109.0,ok,0.13,0.1175,0.3981991667786588,0.2,exact,f2a6c1d,
P6,layered_hard_negative,109.0,ok,0.2575,-0.03125,0.42704344381354814,0.0,exact,f2a6c1d,
P6,layered_hard_negative,109.0,ok,0.16375,0.017499999999999988,0.3443452777407753,0.0,exact,f2a6c1d,
P6,layered_hard_negative,109.0,ok,0.195,-0.04375000000000001,0.22771100250957602,0.0,exact,f2a6c1d,
P6,layered_hard_negative,110.0,ok,0.10375,0.05750000000000001,0.49352576207175614,0.07500000000000007,exact,f2a6c1d,
P6,layered_hard_negative,110.0,ok,0.19875,0.03874999999999998,0.3591586794462194,0.0,exact,f2a6c1d,
P6,layered_hard_negative,110.0,ok,0.18125,0.027499999999999997,0.2949241924851681,0.0,exact,f2a6c1d,
P6,layered_hard_negative,110.0,ok,0.03375,0.12875,0.40856716822556594,0.4785820794360852,exact,f2a6c1d,
P6,layered_hard_negative,110.0,ok,0.3075,-0.09,0.3810099382218641,0.0,exact,f2a6c1d,
P6,layered_hard_negative,110.0,ok,0.1675,-0.03875000000000001,0.34317098994176815,0.0,exact,f2a6c1d,
P6,layered_hard_negative,110.0,ok,0.1475,0.10624999999999998,0.3272434175174637,0.025000000000000133,exact,f2a6c1d,
P6,layered_hard_negative,110.0,ok,0.26,0.044999999999999984,0.3538969616908851,0.0,exact,f2a6c1d,
P6,layered_hard_negative,111.0,ok,0.21625,-0.11499999999999999,0.47058823529411764,0.0,exact,f2a6c1d,
P6,layered_hard_negative,111.0,ok,0.12875,0.10500000000000001,0.3820299946438136,0.21250000000000002,exact,f2a6c1d,
P6,layered_hard_negative,111.0,ok,0.26125,-0.09249999999999997,0.3578864145473712,0.0,exact,f2a6c1d,
P6,layered_hard_negative,111.0,ok,0.0575,0.14500000000000002,0.49438509997261026,0.2640372500684744,exact,f2a6c1d,
P6,layered_hard_negative,111.0,ok,0.20125,-0.0625,0.4028594334580438,0.0,exact,f2a6c1d,
P6,layered_hard_negative,111.0,ok,0.20375,0.048750000000000016,0.3664252797893351,0.0,exact,f2a6c1d,
P6,layered_hard_negative,111.0,ok,0.2025,0.006249999999999978,0.33196177329439874,0.0,exact,f2a6c1d,
P6,layered_hard_negative,111.0,ok,0.20625,-0.023749999999999993,0.4036636794939378,0.0,exact,f2a6c1d,
P6,layered_hard_negative,112.0,ok,0.3225,-0.0675,0.45070043103448276,0.0,exact,f2a6c1d,
P6,layered_hard_negative,112.0,ok,0.3575,-0.13374999999999998,0.40524703688906644,0.0,exact,f2a6c1d,
P6,layered_hard_negative,112.0,ok,0.06625,0.2325,0.2119700748129676,0.8375,exact,f2a6c1d,
P6,layered_hard_negative,112.0,ok,0.035,0.11124999999999999,0.4663021189336979,0.33424470266575534,exact,f2a6c1d,
P6,layered_hard_negative,112.0,ok,0.18,0.057499999999999996,0.4171420809562619,0.0,exact,f2a6c1d,
P6,layered_hard_negative,112.0,ok,0.21625,-0.09375,0.3004196170993968,0.0,exact,f2a6c1d,
P6,layered_hard_negative,112.0,ok,0.11625,0.09999999999999999,0.3588586595885866,0.3375,exact,f2a6c1d,
P6,layered_hard_negative,112.0,ok,0.21625,0.04999999999999999,0.38413032054650553,0.0,exact,f2a6c1d,
P6,layered_hard_negative,113.0,ok,0.065,0.011249999999999996,0.47370550161812297,0.0,exact,f2a6c1d,
P6,layered_hard_negative,113.0,ok,0.14625,0.015000000000000013,0.4307898259705489,0.0,exact,f2a6c1d,
P6,layered_hard_negative,113.0,ok,0.11625,0.04375,0.4495776135163675,0.0,exact,f2a6c1d,
P6,layered_hard_negative,113.0,ok,0.12625,-0.028749999999999998,0.46395841882095473,0.0,exact,f2a6c1d,
P6,layered_hard_negative,113.0,ok,0.11625,0.13749999999999996,0.3655025326579579,0.3375,exact,f2a6c1d,
P6,layered_hard_negative,113.0,ok,0.0925,0.125,0.24880889359449443,0.5750000000000001,exact,f2a6c1d,
P6,layered_hard_negative,113.0,ok,0.1625,0.036250000000000004,0.4196286472148541,0.0,exact,f2a6c1d,
P6,layered_hard_negative,113.0,ok,0.13875,0.07374999999999998,0.42149088025376685,0.11249999999999993,exact,f2a6c1d,
P6,layered_hard_negative,114.0,ok,0.185,-0.06874999999999999,0.43295225285810357,0.0,exact,f2a6c1d,
P6,layered_hard_negative,114.0,ok,0.18375,-0.04000000000000001,0.38403755868544603,0.0,exact,f2a6c1d,
P6,layered_hard_negative,114.0,ok,0.1975,-0.0050000000000000044,0.3232149927411904,0.0,exact,f2a6c1d,
P6,layered_hard_negative,114.0,ok,0.0175,0.14,0.36951754385964913,0.5762061403508772,exact,f2a6c1d,
P6,layered_hard_negative,114.0,ok,0.1475,0.027499999999999997,0.3563865433587991,0.0,exact,f2a6c1d,
P6,layered_hard_negative,114.0,ok,0.19625,0.0050000000000000044,0.3620213185945519,0.0,exact,f2a6c1d,
P6,layered_hard_negative,114.0,ok,0.185,0.007500000000000007,0.37292854302001854,0.0,exact,f2a6c1d,
P6,layered_hard_negative,114.0,ok,0.12,0.0625,0.37417654808959155,0.12499999999999994,exact,f2a6c1d,
P6,layered_hard_negative,115.0,ok,0.06625,0.057499999999999996,0.45162596140871675,0.0749999999999999,exact,f2a6c1d,
P6,layered_hard_negative,115.0,ok,0.1625,0.03875000000000001,0.4116856950973808,0.0,exact,f2a6c1d,
P6,layered_hard_negative,115.0,ok,0.10875,0.09624999999999999,0.19526003949967083,0.4125000000000001,exact,f2a6c1d,
P6,layered_hard_negative,115.0,ok,0.01125,0.07250000000000001,0.47032845707976817,0.22500000000000003,exact,f2a6c1d,
P6,layered_hard_negative,115.0,ok,0.145,0.016250000000000014,0.35400724929520744,0.0,exact,f2a6c1d,
P6,layered_hard_negative,115.0,ok,0.19125,0.07249999999999998,0.4277243378574252,0.0,exact,f2a6c1d,
P6,layered_hard_negative,115.0,ok,0.1575,0.12999999999999998,0.42381205203079375,0.0,exact,f2a6c1d,
P6,layered_hard_negative,115.0,ok,0.22625,0.0,0.3282301702520787,0.0,exact,f2a6c1d,
P6,layered_hard_negative,116.0,ok,0.04625,0.05500000000000001,0.5092082269122193,0.050000000000000044,exact,f2a6c1d,
P6,layered_hard_negative,116.0,ok,0.2075,-0.03999999999999998,0.3350247028975831,0.0,exact,f2a6c1d,
P6,layered_hard_negative,116.0,ok,0.1875,-0.008750000000000008,0.3755424063116371,0.0,exact,f2a6c1d,
P6,layered_hard_negative,116.0,ok,0.0725,0.13124999999999998,0.423224043715847,0.4419398907103826,exact,f2a6c1d,
P6,layered_hard_negative,116.0,ok,0.23875,-0.03375,0.35916722632639353,0.0,exact,f2a6c1d,
P6,layered_hard_negative,116.0,ok,0.13625,0.04874999999999999,0.3640194916370341,0.0,exact,f2a6c1d,
P6,layered_hard_negative,116.0,ok,0.265,0.05124999999999996,0.45397877984084883,0.0,exact,f2a6c1d,
P6,layered_hard_negative,116.0,ok,0.28625,-0.1,0.38486798896624197,0.0,exact,f2a6c1d,
P6,layered_hard_negative,117.0,ok,0.0475,0.12000000000000001,0.4633884186483945,0.3415289533790139,exact,f2a6c1d,
P6,layered_hard_negative,117.0,ok,0.12,0.04125000000000001,0.3785258116019159,0.0,exact,f2a6c1d,
P6,layered_hard_negative,117.0,ok,0.05,0.1825,0.18280137166974414,1.0,exact,f2a6c1d,
P6,layered_hard_negative,117.0,ok,0.1575,-0.0037500000000000033,0.41246372806411497,0.0,exact,f2a6c1d,
P6,layered_hard_negative,117.0,ok,0.1625,0.022499999999999992,0.39161966156325545,0.0,exact,f2a6c1d,
P6,layered_hard_negative,117.0,ok,0.2525,-0.047500000000000014,0.4242063492063492,0.0,exact,f2a6c1d,
P6,layered_hard_negative,117.0,ok,0.16625,0.1275,0.41164738731551653,0.0,exact,f2a6c1d,
P6,layered_hard_negative,117.0,ok,0.10125,0.04249999999999998,0.18460930293846356,0.0,exact,f2a6c1d,
P6,layered_hard_negative,118.0,ok,0.0625,0.23625000000000002,0.4750101037316449,0.3124747406708879,exact,f2a6c1d,
P6,layered_hard_negative,118.0,ok,0.22875,-0.013750000000000012,0.3680192848533548,0.0,exact,f2a6c1d,
P6,layered_hard_negative,118.0,ok,0.1525,-0.023749999999999993,0.32348305752561074,0.0,exact,f2a6c1d,
P6,layered_hard_negative,118.0,ok,0.05,0.20750000000000002,0.4670944838885855,0.33226379027853636,exact,f2a6c1d,
P6,layered_hard_negative,118.0,ok,0.12875,0.007500000000000007,0.3841838097782527,0.0,exact,f2a6c1d,
P6,layered_hard_negative,118.0,ok,0.24625,-0.09,0.38524266736814416,0.0,exact,f2a6c1d,
P6,layered_hard_negative,118.0,ok,0.1475,0.05500000000000002,0.4210804385153877,0.025000000000000133,exact,f2a6c1d,
P6,layered_hard_negative,118.0,ok,0.20375,-0.04374999999999998,0.35349020638885237,0.0,exact,f2a6c1d,
P6,layered_hard_negative,119.0,ok,0.0825,0.023749999999999993,0.47983328851841894,0.0,exact,f2a6c1d,
P6,layered_hard_negative,119.0,ok,0.24125,-0.01999999999999999,0.313903743315508,0.0,exact,f2a6c1d,
P6,layered_hard_negative,119.0,ok,0.24125,-0.0325,0.38366107958294837,0.0,exact,f2a6c1d,
P6,layered_hard_negative,119.0,ok,0.08375,0.105,0.4341337674671008,0.41466558133224807,exact,f2a6c1d,
P6,layered_hard_negative,119.0,ok,0.2475,-0.05249999999999999,0.35689236579444295,0.0,exact,f2a6c1d,
P6,layered_hard_negative,119.0,ok,0.15625,0.026249999999999996,0.4379860287333597,0.0,exact,f2a6c1d,
P6,layered_hard_negative,119.0,ok,0.06375,0.125,0.2678332888057708,0.75,exact,f2a6c1d,
P6,layered_hard_negative,119.0,ok,0.115,0.14375,0.21889431323393588,0.35,exact,f2a6c1d,
P1,dilution_analogue,300,ok,0.021,,0.09367755532139094,0.8754829645240604,two_gate_analogue,f2a6c1d,0.0
P1,dilution_analogue,300,ok,0.014,,0.12012644889357219,0.6991570073761855,two_gate_analogue,f2a6c1d,0.15
P1,dilution_analogue,300,ok,0.036,,0.17776606954689148,0.3148928696873901,two_gate_analogue,f2a6c1d,0.3
P1,dilution_analogue,300,ok,0.012,,0.23009596119371506,0.0,two_gate_analogue,f2a6c1d,0.45
P1,dilution_analogue,300,ok,0.047,,0.33812107671028835,0.0,two_gate_analogue,f2a6c1d,0.6
P1,dilution_analogue,300,ok,0.152,,0.4659235668789809,0.0,two_gate_analogue,f2a6c1d,0.75
P1,dilution_analogue,300,ok,0.2,,0.5117869922121658,0.0,two_gate_analogue,f2a6c1d,0.9
P1,dilution_analogue,300,ok,0.255,,0.49378292939936774,0.0,two_gate_analogue,f2a6c1d,1.0
P1,dilution_analogue,301,ok,0.02,,0.09678100263852243,0.8547933157431837,two_gate_analogue,f2a6c1d,0.0
P1,dilution_analogue,301,ok,0.022,,0.12063324538258575,0.695778364116095,two_gate_analogue,f2a6c1d,0.15
P1,dilution_analogue,301,ok,0.027,,0.16889684964703403,0.3740210023531064,two_gate_analogue,f2a6c1d,0.3
P1,dilution_analogue,301,ok,0.035,,0.22765171503957785,0.0,two_gate_analogue,f2a6c1d,0.45
P1,dilution_analogue,301,ok,0.057,,0.29639830508474574,0.0,two_gate_analogue,f2a6c1d,0.6
P1,dilution_analogue,301,ok,0.197,,0.4066574790628644,0.0,two_gate_analogue,f2a6c1d,0.75
P1,dilution_analogue,301,ok,0.248,,0.4862326574172892,0.0,two_gate_analogue,f2a6c1d,0.9
P1,dilution_analogue,301,ok,0.183,,0.48929142248268515,0.0,two_gate_analogue,f2a6c1d,1.0
P1,dilution_analogue,302,ok,0.028,,0.09922138047138047,0.8385241301907969,two_gate_analogue,f2a6c1d,0.0
P1,dilution_analogue,302,ok,0.041,,0.11963383838383838,0.68,two_gate_analogue,f2a6c1d,0.15
P1,dilution_analogue,302,ok,0.023,,0.14414983164983164,0.5390011223344557,two_gate_analogue,f2a6c1d,0.3
P1,dilution_analogue,302,ok,0.044,,0.20517676767676768,0.13215488215488208,two_gate_analogue,f2a6c1d,0.45
P1,dilution_analogue,302,ok,0.107,,0.2674406332453826,0.0,two_gate_analogue,f2a6c1d,0.6
P1,dilution_analogue,302,ok,0.292,,0.5124158249158249,0.0,two_gate_analogue,f2a6c1d,0.75
P1,dilution_analogue,302,ok,0.284,,0.4851569126378287,0.0,two_gate_analogue,f2a6c1d,0.9
P1,dilution_analogue,302,ok,0.315,,0.5094299863028132,0.0,two_gate_analogue,f2a6c1d,1.0
P1,dilution_analogue,303,ok,0.024,,0.08889825152728038,0.9073449898181307,two_gate_analogue,f2a6c1d,0.0
P1,dilution_analogue,303,ok,0.02,,0.10469770381293449,0.8020153079137701,two_gate_analogue,f2a6c1d,0.15
P1,dilution_analogue,303,ok,0.032,,0.15009479671371392,0.4993680219085738,two_gate_analogue,f2a6c1d,0.3
P1,dilution_analogue,303,ok,0.04,,0.18804324782700868,0.24637834781994206,two_gate_analogue,f2a6c1d,0.45
P1,dilution_analogue,303,ok,0.057,,0.2778313511196828,0.0,two_gate_analogue,f2a6c1d,0.6
P1,dilution_analogue,303,ok,0.162,,0.4793742633665488,0.0,two_gate_analogue,f2a6c1d,0.75
P1,dilution_analogue,303,ok,0.189,,0.5041339834640661,0.0,two_gate_analogue,f2a6c1d,0.9
P1,dilution_analogue,303,ok,0.247,,0.5005299978800085,0.0,two_gate_analogue,f2a6c1d,1.0
P1,dilution_analogue,304,ok,0.02,,0.10110352075669994,0.8259765282886671,two_gate_analogue,f2a6c1d,0.0
P1,dilution_analogue,304,ok,0.045,,0.12485549132947976,0.6000000000000001,two_gate_analogue,f2a6c1d,0.15
P1,dilution_analogue,304,ok,0.045,,0.1488176563321072,0.5078822911192853,two_gate_analogue,f2a6c1d,0.3
P1,dilution_analogue,304,ok,0.049,,0.18192327903310562,0.2871781397792958,two_gate_analogue,f2a6c1d,0.45
P1,dilution_analogue,304,ok,0.117,,0.26967592592592593,0.0,two_gate_analogue,f2a6c1d,0.6
P1,dilution_analogue,304,ok,0.219,,0.43667937314697164,0.0,two_gate_analogue,f2a6c1d,0.75
P1,dilution_analogue,304,ok,0.254,,0.5066978524346162,0.0,two_gate_analogue,f2a6c1d,0.9
P1,dilution_analogue,304,ok,0.291,,0.49591858369553693,0.0,two_gate_analogue,f2a6c1d,1.0
P1,dilution_analogue,305,ok,0.023,,0.09838133277275594,0.844124448181627,two_gate_analogue,f2a6c1d,0.0
P1,dilution_analogue,305,ok,0.035,,0.12728610468782847,0.6514259687478101,two_gate_analogue,f2a6c1d,0.15
P1,dilution_analogue,305,ok,0.035,,0.1559806600798823,0.4601289328007847,two_gate_analogue,f2a6c1d,0.3
P1,dilution_analogue,305,ok,0.042,,0.2190126050420168,0.03991596638655459,two_gate_analogue,f2a6c1d,0.45
P1,dilution_analogue,305,ok,0.162,,0.37714104461831255,0.0,two_gate_analogue,f2a6c1d,0.6
P1,dilution_analogue,305,ok,0.276,,0.4792768027067033,0.0,two_gate_analogue,f2a6c1d,0.75
P1,dilution_analogue,305,ok,0.259,,0.4887202192705039,0.0,two_gate_analogue,f2a6c1d,0.9
P1,dilution_analogue,305,ok,0.256,,0.47591948572030773,0.0,two_gate_analogue,f2a6c1d,1.0
P1,dilution_analogue,306,ok,0.029,,0.0878577441077441,0.9142817059483725,two_gate_analogue,f2a6c1d,0.0
P1,dilution_analogue,306,ok,0.028,,0.12110690235690236,0.6926206509539843,two_gate_analogue,f2a6c1d,0.15
P1,dilution_analogue,306,ok,0.025,,0.16077441077441076,0.4281705948372615,two_gate_analogue,f2a6c1d,0.3
P1,dilution_analogue,306,ok,0.049,,0.2342113614725484,0.0,two_gate_analogue,f2a6c1d,0.45
P1,dilution_analogue,306,ok,0.051,,0.311964897260274,0.0,two_gate_analogue,f2a6c1d,0.6
P1,dilution_analogue,306,invalid: epsilon=0.75: only 29 eligible targets,,,,0.0,two_gate_analogue,f2a6c1d,0.75
P1,dilution_analogue,306,ok,0.276,,0.5341077085533263,0.0,two_gate_analogue,f2a6c1d,0.9
P1,dilution_analogue,306,ok,0.281,,0.5003156565656566,0.0,two_gate_analogue,f2a6c1d,1.0
P1,dilution_analogue,307,ok,0.014,,0.10703363914373089,0.7864424057084607,two_gate_analogue,f2a6c1d,0.0
P1,dilution_analogue,307,ok,0.023,,0.09859749024570284,0.842683398361981,two_gate_analogue,f2a6c1d,0.15
P1,dilution_analogue,307,ok,0.023,,0.1193223928004235,0.7045173813305099,two_gate_analogue,f2a6c1d,0.3
P1,dilution_analogue,307,ok,0.024,,0.15627316040232928,0.4581789306511381,two_gate_analogue,f2a6c1d,0.45
P1,dilution_analogue,307,ok,0.088,,0.2769605249232723,0.0,two_gate_analogue,f2a6c1d,0.6
P1,dilution_analogue,307,ok,0.245,,0.43568025410269984,0.0,two_gate_analogue,f2a6c1d,0.75
P1,dilution_analogue,307,ok,0.257,,0.5033428844317096,0.0,two_gate_analogue,f2a6c1d,0.9
P1,dilution_analogue,307,ok,0.233,,0.49728116003838363,0.0,two_gate_analogue,f2a6c1d,1.0
P1,dilution_analogue,308,ok,0.014,,0.10018963337547408,0.8320691108301728,two_gate_analogue,f2a6c1d,0.0
P1,dilution_analogue,308,ok,0.013,,0.1400126422250316,0.566582385166456,two_gate_analogue,f2a6c1d,0.15
P1,dilution_analogue,308,ok,0.022,,0.1592565212799662,0.43828985813355864,two_gate_analogue,f2a6c1d,0.3
P1,dilution_analogue,308,ok,0.035,,0.20527207283506246,0.13151951443291687,two_gate_analogue,f2a6c1d,0.45
P1,dilution_analogue,308,ok,0.049,,0.2443024494142705,0.0,two_gate_analogue,f2a6c1d,0.6
P1,dilution_analogue,308,ok,0.22,,0.4832910321489002,0.0,two_gate_analogue,f2a6c1d,0.75
P1,dilution_analogue,308,ok,0.288,,0.510085542295913,0.0,two_gate_analogue,f2a6c1d,0.9
P1,dilution_analogue,308,ok,0.211,,0.5199449793672627,0.0,two_gate_analogue,f2a6c1d,1.0
P1,dilution_analogue,309,ok,0.015,,0.0969232384752704,0.8538450768315307,two_gate_analogue,f2a6c1d,0.0
P1,dilution_analogue,309,ok,0.024,,0.1486926388743043,0.5087157408379712,two_gate_analogue,f2a6c1d,0.15
P1,dilution_analogue,309,ok,0.024,,0.14197206762574818,0.5535195491616788,two_gate_analogue,f2a6c1d,0.3
P1,dilution_analogue,309,ok,0.033,,0.22839441352514964,0.0,two_gate_analogue,f2a6c1d,0.45
P1,dilution_analogue,309,ok,0.088,,0.3167069200882075,0.0,two_gate_analogue,f2a6c1d,0.6
P1,dilution_analogue,309,ok,0.161,,0.4345269347894571,0.0,two_gate_analogue,f2a6c1d,0.75
P1,dilution_analogue,309,ok,0.214,,0.48272603171269557,0.0,two_gate_analogue,f2a6c1d,0.9
P1,dilution_analogue,309,ok,0.328,,0.4765305050929329,0.0,two_gate_analogue,f2a6c1d,1.0
P1,dilution_analogue,310,ok,0.007,,0.09027704624460128,0.8981530250359915,two_gate_analogue,f2a6c1d,0.0
P1,dilution_analogue,310,ok,0.013,,0.11303065416622775,0.7464623055584816,two_gate_analogue,f2a6c1d,0.15
P1,dilution_analogue,310,ok,0.031,,0.18266090803750132,0.2822606130833245,two_gate_analogue,f2a6c1d,0.3
P1,dilution_analogue,310,ok,0.027,,0.23480106100795756,0.0,two_gate_analogue,f2a6c1d,0.45
P1,dilution_analogue,310,ok,0.045,,0.333262464122462,0.0,two_gate_analogue,f2a6c1d,0.6
P1,dilution_analogue,310,ok,0.19,,0.4141596683320931,0.0,two_gate_analogue,f2a6c1d,0.75
P1,dilution_analogue,310,ok,0.154,,0.5269238923044308,0.0,two_gate_analogue,f2a6c1d,0.9
P1,dilution_analogue,310,ok,0.212,,0.5086516142646128,0.0,two_gate_analogue,f2a6c1d,1.0
P1,dilution_analogue,311,ok,0.034,,0.10821643286573146,0.7785571142284569,two_gate_analogue,f2a6c1d,0.0
P1,dilution_analogue,311,ok,0.039,,0.1301550469359772,0.6322996870934853,two_gate_analogue,f2a6c1d,0.15
P1,dilution_analogue,311,ok,0.021,,0.1340663988158173,0.6062240078945512,two_gate_analogue,f2a6c1d,0.3
P1,dilution_analogue,311,ok,0.029,,0.14950306618735462,0.5033128920843025,two_gate_analogue,f2a6c1d,0.45
P1,dilution_analogue,311,ok,0.178,,0.27654843832715725,0.0,two_gate_analogue,f2a6c1d,0.6
P1,dilution_analogue,311,invalid: epsilon=0.75: only 29 eligible targets,,,,0.0,two_gate_analogue,f2a6c1d,0.75
P1,dilution_analogue,311,ok,0.322,,0.4988720592974541,0.0,two_gate_analogue,f2a6c1d,0.9
P1,dilution_analogue,311,ok,0.228,,0.49199699215812653,0.0,two_gate_analogue,f2a6c1d,1.0
P1,dilution_analogue,312,ok,0.053,,0.11203450452345887,0.44000000000000006,two_gate_analogue,f2a6c1d,0.0
P1,dilution_analogue,312,ok,0.042,,0.10382916053019146,0.66,two_gate_analogue,f2a6c1d,0.15
P1,dilution_analogue,312,ok,0.018,,0.14296233957500526,0.5469177361666315,two_gate_analogue,f2a6c1d,0.3
P1,dilution_analogue,312,ok,0.051,,0.1757837155480749,0.328108563012834,two_gate_analogue,f2a6c1d,0.45
P1,dilution_analogue,312,ok,0.114,,0.3102278749337573,0.0,two_gate_analogue,f2a6c1d,0.6
P1,dilution_analogue,312,ok,0.151,,0.46086219680118634,0.0,two_gate_analogue,f2a6c1d,0.75
P1,dilution_analogue,312,ok,0.257,,0.5113612455291395,0.0,two_gate_analogue,f2a6c1d,0.9
P1,dilution_analogue,312,ok,0.32,,0.48586796034591856,0.0,two_gate_analogue,f2a6c1d,1.0
P1,dilution_analogue,313,ok,0.015,,0.09354566547141953,0.8763622301905365,two_gate_analogue,f2a6c1d,0.0
P1,dilution_analogue,313,ok,0.019,,0.11959502214722632,0.7026998523518244,two_gate_analogue,f2a6c1d,0.15
P1,dilution_analogue,313,ok,0.014,,0.1392766497461929,0.5714890016920474,two_gate_analogue,f2a6c1d,0.3
P1,dilution_analogue,313,ok,0.061,,0.19289501590668082,0.21403322728879448,two_gate_analogue,f2a6c1d,0.45
P1,dilution_analogue,313,ok,0.146,,0.3381914893617021,0.0,two_gate_analogue,f2a6c1d,0.6
P1,dilution_analogue,313,ok,0.116,,0.4418233981510998,0.0,two_gate_analogue,f2a6c1d,0.75
P1,dilution_analogue,313,ok,0.281,,0.5285304430985017,0.0,two_gate_analogue,f2a6c1d,0.9
P1,dilution_analogue,313,ok,0.333,,0.476357454043141,0.0,two_gate_analogue,f2a6c1d,1.0
P1,dilution_analogue,314,ok,0.028,,0.10747368421052632,0.7835087719298246,two_gate_analogue,f2a6c1d,0.0
P1,dilution_analogue,314,ok,0.023,,0.11873684210526315,0.708421052631579,two_gate_analogue,f2a6c1d,0.15
P1,dilution_analogue,314,ok,0.025,,0.14842105263157895,0.5105263157894736,two_gate_analogue,f2a6c1d,0.3
P1,dilution_analogue,314,ok,0.026,,0.18263157894736842,0.2824561403508771,two_gate_analogue,f2a6c1d,0.45
P1,dilution_analogue,314,ok,0.087,,0.2628421052631579,0.0,two_gate_analogue,f2a6c1d,0.6
P1,dilution_analogue,314,ok,0.23,,0.42347368421052634,0.0,two_gate_analogue,f2a6c1d,0.75
P1,dilution_analogue,314,ok,0.207,,0.43894736842105264,0.0,two_gate_analogue,f2a6c1d,0.9
P1,dilution_analogue,314,ok,0.315,,0.5188421052631579,0.0,two_gate_analogue,f2a6c1d,1.0
P1,dilution_analogue,315,ok,0.015,,0.09921177088807147,0.8385881940795235,two_gate_analogue,f2a6c1d,0.0
P1,dilution_analogue,315,ok,0.017,,0.10761954808197582,0.7825363461201611,two_gate_analogue,f2a6c1d,0.15
P1,dilution_analogue,315,ok,0.02,,0.14062007356805045,0.5625328428796637,two_gate_analogue,f2a6c1d,0.3
P1,dilution_analogue,315,ok,0.015,,0.19379926431949554,0.20800490453669634,two_gate_analogue,f2a6c1d,0.45
P1,dilution_analogue,315,ok,0.124,,0.31758751581611133,0.0,two_gate_analogue,f2a6c1d,0.6
P1,dilution_analogue,315,ok,0.202,,0.42639214849583956,0.0,two_gate_analogue,f2a6c1d,0.75
P1,dilution_analogue,315,ok,0.276,,0.5367778596232768,0.0,two_gate_analogue,f2a6c1d,0.9
P1,dilution_analogue,315,ok,0.262,,0.5047819232790332,0.0,two_gate_analogue,f2a6c1d,1.0
P1,dilution_analogue,316,ok,0.021,,0.08504367961267235,0.9330421359155177,two_gate_analogue,f2a6c1d,0.0
P1,dilution_analogue,316,ok,0.009,,0.1278812756551942,0.6474581622987053,two_gate_analogue,f2a6c1d,0.15
P1,dilution_analogue,316,ok,0.037,,0.1455636248815914,0.5295758341227239,two_gate_analogue,f2a6c1d,0.3
P1,dilution_analogue,316,ok,0.016,,0.18166508788548574,0.2888994140967617,two_gate_analogue,f2a6c1d,0.45
P1,dilution_analogue,316,ok,0.156,,0.35775181559835806,0.0,two_gate_analogue,f2a6c1d,0.6
P1,dilution_analogue,316,ok,0.185,,0.461109356909799,0.0,two_gate_analogue,f2a6c1d,0.75
P1,dilution_analogue,316,ok,0.223,,0.5305757288706452,0.0,two_gate_analogue,f2a6c1d,0.9
P1,dilution_analogue,316,ok,0.261,,0.5095253131249342,0.0,two_gate_analogue,f2a6c1d,1.0
P1,dilution_analogue,317,ok,0.031,,0.10327455919395466,0.811502938706969,two_gate_analogue,f2a6c1d,0.0
P1,dilution_analogue,317,ok,0.024,,0.116183879093199,0.72544080604534,two_gate_analogue,f2a6c1d,0.15
P1,dilution_analogue,317,ok,0.032,,0.14357682619647355,0.5428211586901763,two_gate_analogue,f2a6c1d,0.3
P1,dilution_analogue,317,ok,0.073,,0.2043157894736842,0.04000000000000015,two_gate_analogue,f2a6c1d,0.45
P1,dilution_analogue,317,ok,0.131,,0.3592490453966907,0.0,two_gate_analogue,f2a6c1d,0.6
P1,dilution_analogue,317,ok,0.208,,0.4426351638995317,0.0,two_gate_analogue,f2a6c1d,0.75
P1,dilution_analogue,317,ok,0.291,,0.5112431056427662,0.0,two_gate_analogue,f2a6c1d,0.9
P1,dilution_analogue,317,ok,0.243,,0.4696648281714043,0.0,two_gate_analogue,f2a6c1d,1.0
P1,dilution_analogue,318,ok,0.022,,0.09755840875605136,0.8496106082929908,two_gate_analogue,f2a6c1d,0.0
P1,dilution_analogue,318,ok,0.027,,0.10860871395495685,0.7759419069669544,two_gate_analogue,f2a6c1d,0.15
P1,dilution_analogue,318,ok,0.012,,0.11850136813302463,0.709990879113169,two_gate_analogue,f2a6c1d,0.3
P1,dilution_analogue,318,ok,0.024,,0.1948010945064197,0.20132603662386866,two_gate_analogue,f2a6c1d,0.45
P1,dilution_analogue,318,ok,0.04,,0.22788203753351208,0.0,two_gate_analogue,f2a6c1d,0.6
P1,dilution_analogue,318,ok,0.289,,0.4509094777151367,0.0,two_gate_analogue,f2a6c1d,0.75
P1,dilution_analogue,318,ok,0.219,,0.4931637519872814,0.0,two_gate_analogue,f2a6c1d,0.9
P1,dilution_analogue,318,ok,0.181,,0.5098835345656587,0.0,two_gate_analogue,f2a6c1d,1.0
P1,dilution_analogue,319,ok,0.032,,0.09670976558393778,0.8552682294404148,two_gate_analogue,f2a6c1d,0.0
P1,dilution_analogue,319,ok,0.028,,0.1251970987070325,0.66535267528645,two_gate_analogue,f2a6c1d,0.15
P1,dilution_analogue,319,ok,0.015,,0.1450293624161074,0.5331375838926173,two_gate_analogue,f2a6c1d,0.3
P1,dilution_analogue,319,ok,0.026,,0.2680042238648363,0.0,two_gate_analogue,f2a6c1d,0.45
P1,dilution_analogue,319,ok,0.094,,0.2894428464898264,0.0,two_gate_analogue,f2a6c1d,0.6
P1,dilution_analogue,319,ok,0.153,,0.36430474160895043,0.0,two_gate_analogue,f2a6c1d,0.75
P1,dilution_analogue,319,ok,0.319,,0.4880611270296084,0.0,two_gate_analogue,f2a6c1d,0.9
P1,dilution_analogue,319,ok,0.216,,0.49524011000634655,0.0,two_gate_analogue,f2a6c1d,1.0
