target_index,t,x,inertial_accessible,rindler_accessible,rindler_wedge_accessible,rindler_finite_coverage_accessible
0.0,0.5478467492858172,-0.9614310827277825,1.0,0.0,0.0,0.0
1.0,0.42654310306871945,-0.028754748704047685,1.0,0.0,0.0,0.0
2.0,0.17449996586169148,-0.9120891105751812,1.0,0.0,0.0,0.0
3.0,1.2634142164861286,0.6350451960509667,1.0,0.0,0.0,0.0
4.0,1.4296171063502774,0.42605005572566523,1.0,0.0,0.0,0.0
5.0,-0.8011524378504609,0.10483453916822441,1.0,0.0,0.0,0.0
6.0,-0.3092511152093662,-1.320128594237088,1.0,0.0,0.0,0.0
7.0,-1.8867213154181481,0.0906211937696399,1.0,0.0,0.0,0.0
8.0,0.6824976587745213,-0.37902703657499165,1.0,0.0,0.0,0.0
9.0,0.4615404459250154,1.2805898633007229,1.0,1.0,1.0,1.0
10.0,-0.46528978295246626,0.5726012341947818,1.0,0.0,1.0,0.0
11.0,0.7421679379227788,0.14013264129254652,1.0,0.0,0.0,0.0
12.0,0.6018371050712652,0.7209177304449662,1.0,0.0,1.0,0.0
13.0,0.7537869222837603,0.6111497159568289,1.0,0.0,0.0,0.0
14.0,0.8859533607763268,0.5841682909921547,1.0,0.0,0.0,0.0
15.0,0.10141728990290355,-0.7546448216719618,1.0,0.0,0.0,0.0
16.0,-0.7590324977641774,0.16782939358898546,1.0,0.0,0.0,0.0
17.0,-0.05665856467284369,-0.4968999153489924,1.0,0.0,0.0,0.0
18.0,-0.5688192131637191,-1.3237740247087508,1.0,0.0,0.0,0.0
19.0,0.28611932291904374,1.3481963522006113,1.0,1.0,1.0,1.0
20.0,0.3772001207987872,0.6095533938735919,1.0,1.0,1.0,1.0
21.0,-0.648355097971467,0.28479647458693036,1.0,0.0,0.0,0.0
22.0,-0.4335239978873551,0.23895551923853087,1.0,0.0,0.0,0.0
23.0,0.49274857874416966,-0.6243751611150332,1.0,0.0,0.0,0.0
24.0,-1.0425222280281914,-0.04021720294404761,1.0,0.0,0.0,0.0
25.0,-1.7657278607792226,0.18004172593952625,1.0,0.0,0.0,0.0
26.0,-1.3988821324206437,0.5290095680732385,1.0,0.0,0.0,0.0
27.0,-0.1986425334028521,0.4777052347838002,1.0,1.0,1.0,1.0
28.0,-0.3817926407138872,-1.312761315323762,1.0,0.0,0.0,0.0
29.0,0.32132954394740265,-1.2628020000679345,1.0,0.0,0.0,0.0
30.0,0.6879795118254375,-0.6544344246414027,1.0,0.0,0.0,0.0
31.0,-1.2019382241271468,-0.7153715291831593,1.0,0.0,0.0,0.0
32.0,-0.5395593270206858,-0.7115958490885953,1.0,0.0,0.0,0.0
33.0,0.5164326061588369,0.7176973461701609,1.0,1.0,1.0,1.0
34.0,-0.23849138113686408,-0.8285135290291442,1.0,0.0,0.0,0.0
35.0,-0.0004167452494119317,-1.8685157933575043,1.0,0.0,0.0,0.0
36.0,-0.2990855006036979,-0.3350560112941773,1.0,0.0,0.0,0.0
37.0,0.48085380806151123,-0.8526727032288169,1.0,0.0,0.0,0.0
38.0,-0.1598194427636157,-0.19733149273776043,1.0,0.0,0.0,0.0
39.0,1.0309153812331657,-0.5067838192861766,1.0,0.0,0.0,0.0
40.0,-0.010309218049524116,-0.2317797084558853,1.0,0.0,0.0,0.0
41.0,0.11724864078708164,-0.21213659823669656,1.0,0.0,0.0,0.0
42.0,1.14314280285523,0.1293309489328944,1.0,0.0,0.0,0.0
43.0,-0.34137660257731683,0.22208232944539036,1.0,0.0,0.0,0.0
44.0,0.9160604683052376,0.4133638514248903,1.0,0.0,0.0,0.0
45.0,1.8717047596985856,-0.07599455817561661,1.0,0.0,0.0,0.0
46.0,-1.4049439510700084,-0.16996620643176052,1.0,0.0,0.0,0.0
47.0,-0.08004830476867131,0.0715179909651787,1.0,0.0,0.0,0.0
48.0,1.2075223148732315,0.16200536393967344,1.0,0.0,0.0,0.0
49.0,-0.9354789108308297,0.5456666275560371,1.0,0.0,0.0,0.0
50.0,-0.228988684101874,1.3430934410250812,1.0,1.0,1.0,1.0
51.0,0.9280247826262431,-0.9810988714520112,1.0,0.0,0.0,0.0
52.0,0.8768790913069613,0.6406120142498594,1.0,0.0,0.0,0.0
53.0,0.05103489304831221,-1.2010724282768603,1.0,0.0,0.0,0.0
54.0,-1.7332399649315944,0.0834853107249484,1.0,0.0,0.0,0.0
55.0,-0.6227600847834993,0.7612896111143457,1.0,1.0,1.0,1.0
56.0,-0.2788050722086668,-0.5831590452453397,1.0,0.0,0.0,0.0
57.0,0.24892736891382805,-1.0486015973040816,1.0,0.0,0.0,0.0
58.0,-0.964541627316271,0.0004041212875033717,1.0,0.0,0.0,0.0
59.0,-1.0332971436226202,0.6028655893384088,1.0,0.0,0.0,0.0
60.0,-1.0965222863307025,-0.39068073119610436,1.0,0.0,0.0,0.0
61.0,-0.8466769719696896,1.10256474481324,1.0,0.0,1.0,0.0
62.0,0.3444922592509312,-1.3500706055733658,1.0,0.0,0.0,0.0
63.0,0.21636200869307132,0.8202959512384433,1.0,1.0,1.0,1.0
64.0,1.238843103651111,0.18832255926707508,1.0,0.0,0.0,0.0
65.0,0.24190380802474332,-1.6056767182935343,1.0,0.0,0.0,0.0
66.0,-0.846315142275158,-1.082533712309892,1.0,0.0,0.0,0.0
67.0,-0.3484146292764292,1.488556012731241,1.0,1.0,1.0,1.0
68.0,1.2724838838836416,-0.6802664939902421,1.0,0.0,0.0,0.0
69.0,0.506025849679014,-0.11853384442102012,1.0,0.0,0.0,0.0
70.0,-0.5223823556332765,-1.1521385819774395,1.0,0.0,0.0,0.0
71.0,0.21044604208514883,-0.8464737318988814,1.0,0.0,0.0,0.0
72.0,-1.8277324457271833,-0.06596064884283667,1.0,0.0,0.0,0.0
73.0,-0.3384638505151014,-1.1735859914810194,1.0,0.0,0.0,0.0
74.0,1.319215941112411,0.18534933092890535,1.0,0.0,0.0,0.0
75.0,0.6104583053465538,-0.31312859477342525,1.0,0.0,0.0,0.0
76.0,-0.9046036056017712,0.2020264842588407,1.0,0.0,0.0,0.0
77.0,0.8106082826391452,-0.47635493245516153,1.0,0.0,0.0,0.0
78.0,1.4591131816030964,0.4974532245349432,1.0,0.0,0.0,0.0
79.0,-0.47691796675644227,1.2293746373874046,1.0,1.0,1.0,1.0
80.0,-0.28090375528569345,-0.7566602228664888,1.0,0.0,0.0,0.0
81.0,-0.04460181266614294,-1.4540113599141005,1.0,0.0,0.0,0.0
82.0,1.1027647524073134,0.6404630305628136,1.0,0.0,0.0,0.0
83.0,-0.764570549122956,0.03341329024295901,1.0,0.0,0.0,0.0
84.0,-0.9206528579967994,-0.7795973914987184,1.0,0.0,0.0,0.0
85.0,0.04282602217458109,0.45839369151041387,1.0,1.0,1.0,1.0
86.0,-0.7362258185291992,-0.8212045498849463,1.0,0.0,0.0,0.0
87.0,-1.2691504842937502,0.2121053125291448,1.0,0.0,0.0,0.0
88.0,1.8336545271118077,-0.10351919664872225,1.0,0.0,0.0,0.0
89.0,0.9929940132070163,-1.002421361275141,1.0,0.0,0.0,0.0
90.0,-1.01141303871157,0.2315502470016463,1.0,0.0,0.0,0.0
91.0,-1.4350137723958736,-0.2747392476520243,1.0,0.0,0.0,0.0
92.0,-1.3317882848709113,0.5074343772342303,1.0,0.0,0.0,0.0
93.0,-0.41777090758049606,0.5698500854553681,1.0,1.0,1.0,1.0
94.0,0.24560307020089178,1.2315749637591349,1.0,1.0,1.0,1.0
95.0,0.3133436597050907,1.5207053120793599,1.0,1.0,1.0,1.0
96.0,0.10408899447150066,-1.0232527186674807,1.0,0.0,0.0,0.0
97.0,0.09373890957967967,1.6349442452503429,1.0,1.0,1.0,1.0
98.0,0.2855824018230977,-1.4886041338599576,1.0,0.0,0.0,0.0
99.0,1.0905968049015544,0.5630384680915159,1.0,0.0,0.0,0.0
100.0,-0.72127345486934,1.021826507218568,1.0,1.0,1.0,1.0
101.0,-1.2499691370888604,-0.08923684537006919,1.0,0.0,0.0,0.0
102.0,0.6901065356674772,-0.4193075212986767,1.0,0.0,0.0,0.0
103.0,-0.00010870536552598509,-1.6301588938955616,1.0,0.0,0.0,0.0
104.0,0.976389917130593,-0.431294100922793,1.0,0.0,0.0,0.0
105.0,-0.4477330728619231,1.1521665879176446,1.0,1.0,1.0,1.0
106.0,-1.7484180061801147,0.11802569406902297,1.0,0.0,0.0,0.0
107.0,-0.41963316656812966,1.0361761281313728,1.0,1.0,1.0,1.0
108.0,-0.11079865299995406,1.0921221864491935,1.0,1.0,1.0,1.0
109.0,1.0636684709554896,-0.04053561404270662,1.0,0.0,0.0,0.0
110.0,-1.7186949857231277,0.0825418019811478,1.0,0.0,0.0,0.0
111.0,-0.01371322480458792,-0.3151132704462451,1.0,0.0,0.0,0.0
112.0,-1.345826335214079,-0.37431410234461243,1.0,0.0,0.0,0.0
113.0,0.8435194530637795,-0.5676003276852977,1.0,0.0,0.0,0.0
114.0,-0.1585786845307009,-0.9023789577001923,1.0,0.0,0.0,0.0
115.0,0.02987944217810856,0.21232358879119173,1.0,1.0,1.0,1.0
116.0,-1.2110602108165258,0.46156503435676394,1.0,0.0,0.0,0.0
117.0,1.2325470072542726,-0.1408315091360838,1.0,0.0,0.0,0.0
118.0,-0.04461585548296032,1.8759239683934295,1.0,1.0,1.0,1.0
119.0,-1.2682267012971251,-0.5704516563321889,1.0,0.0,0.0,0.0
120.0,-0.07495801369892563,1.2871587907417876,1.0,1.0,1.0,1.0
121.0,0.41139562096446536,0.3194585954623543,1.0,0.0,0.0,0.0
122.0,0.620484255965521,0.020810365910762917,1.0,0.0,0.0,0.0
123.0,-0.4727408801350448,-0.786211123726806,1.0,0.0,0.0,0.0
124.0,-0.6978175355971823,0.13777286276298392,1.0,0.0,0.0,0.0
125.0,-0.05785944488164896,-1.2611574104768568,1.0,0.0,0.0,0.0
126.0,-0.3094864143008751,-1.6078500454062155,1.0,0.0,0.0,0.0
127.0,1.5101156234871844,0.39076138938037747,1.0,0.0,0.0,0.0
128.0,-1.6527405111404234,-0.30375492928593417,1.0,0.0,0.0,0.0
129.0,0.8336750276554641,-0.5392022478984724,1.0,0.0,0.0,0.0
130.0,-0.7108531010406729,0.29153971916437943,1.0,0.0,0.0,0.0
131.0,-0.5507681980617236,-0.056452093654621074,1.0,0.0,0.0,0.0
132.0,0.16563993452065828,-0.5514889872118798,1.0,0.0,0.0,0.0
133.0,-0.37220879744277546,-1.5899833651591773,1.0,0.0,0.0,0.0
134.0,0.9775229053895962,-0.22384216699407591,1.0,0.0,0.0,0.0
135.0,0.8151430770671912,-1.178283117978055,1.0,0.0,0.0,0.0
136.0,-0.30357405822394856,-1.5343366392207005,1.0,0.0,0.0,0.0
137.0,0.014707916802315868,1.0812685256350172,1.0,1.0,1.0,1.0
138.0,-0.09541171212498778,0.4394223308985867,1.0,1.0,1.0,1.0
139.0,0.28273914343799644,1.1773161137655552,1.0,1.0,1.0,1.0
140.0,-0.43447829478134325,0.730721291434299,1.0,1.0,1.0,1.0
141.0,-1.7050359464087763,-0.0818426137099126,1.0,0.0,0.0,0.0
142.0,-0.09533214713201765,1.618826746094258,1.0,1.0,1.0,1.0
143.0,-0.2858415674283048,0.7994922443047474,1.0,1.0,1.0,1.0
144.0,-0.3050502281182106,1.3156199804784945,1.0,1.0,1.0,1.0
145.0,0.736201792300132,1.232630867811507,1.0,0.0,1.0,0.0
146.0,1.2951254335710867,0.007612846374230223,1.0,0.0,0.0,0.0
147.0,-1.8391271163815972,-0.10667052569226568,1.0,0.0,0.0,0.0
148.0,0.27610341705343266,0.053088112733290005,1.0,0.0,0.0,0.0
149.0,0.12864189389737657,1.002666111484963,1.0,1.0,1.0,1.0
150.0,1.2529763814567696,-0.14805906752362916,1.0,0.0,0.0,0.0
151.0,-0.5977807545284475,1.3210883759231054,1.0,1.0,1.0,1.0
152.0,-0.4333008021843887,-0.35593993041228544,1.0,0.0,0.0,0.0
153.0,-0.24308427256677412,-0.4274807281603179,1.0,0.0,0.0,0.0
154.0,0.35352043771685926,-1.4133852165623317,1.0,0.0,0.0,0.0
155.0,-0.8796703925340021,-1.0015031175174658,1.0,0.0,0.0,0.0
156.0,0.2576512844823764,1.2280449909450755,1.0,1.0,1.0,1.0
157.0,-0.0620042306149986,-1.7069011393694562,1.0,0.0,0.0,0.0
158.0,-0.6880708409415899,-1.239353780622981,1.0,0.0,0.0,0.0
159.0,-0.5487121965482555,-0.11043083896607163,1.0,0.0,0.0,0.0
160.0,-0.6804166700242567,-0.4313318332086808,1.0,0.0,0.0,0.0
161.0,-1.2028066372820554,0.2245615363715499,1.0,0.0,0.0,0.0
162.0,0.04869463135094021,1.4173495136117908,1.0,1.0,1.0,1.0
163.0,1.5336749345342477,0.3518250967996566,1.0,0.0,0.0,0.0
164.0,1.1569901930107052,0.1284427158851294,1.0,0.0,0.0,0.0
165.0,0.22734196021596098,1.6384899604014427,1.0,1.0,1.0,1.0
166.0,-1.110186416034559,-0.14332328170016936,1.0,0.0,0.0,0.0
167.0,0.8519745237516827,0.07204897728953691,1.0,0.0,0.0,0.0
168.0,0.8670027222549126,-0.5723810893638218,1.0,0.0,0.0,0.0
169.0,0.5841800942654194,0.9343767431016644,1.0,1.0,1.0,1.0
170.0,0.44535473710080486,-0.11060518072421129,1.0,0.0,0.0,0.0
171.0,-1.0143761237960978,-0.05610951416480803,1.0,0.0,0.0,0.0
172.0,0.29751219239172766,0.2910948013335741,1.0,0.0,0.0,0.0
173.0,0.35984237059812285,-1.2049992574640274,1.0,0.0,0.0,0.0
174.0,0.7848604244138264,0.7802427767579704,1.0,0.0,0.0,0.0
175.0,1.2871680109208583,0.5989673824073681,1.0,0.0,0.0,0.0
176.0,0.33993072090271337,0.4435974803505732,1.0,0.0,1.0,0.0
177.0,-0.0936463131769183,0.08143487126083247,1.0,0.0,0.0,0.0
178.0,-0.9753999142884306,0.1410240405825733,1.0,0.0,0.0,0.0
179.0,-1.2355589061597008,0.3907341775267861,1.0,0.0,0.0,0.0
180.0,-0.19164484669156634,0.38937971943914557,1.0,1.0,1.0,1.0
181.0,-1.070754098857876,0.6407311321473089,1.0,0.0,0.0,0.0
182.0,0.5748190483212414,-1.1518714139634114,1.0,0.0,0.0,0.0
183.0,0.9030307402074795,-1.0929506936401918,1.0,0.0,0.0,0.0
184.0,-0.5890263372143796,0.7899185273152554,1.0,1.0,1.0,1.0
185.0,0.07933229733692704,0.6056816657014931,1.0,1.0,1.0,1.0
186.0,-0.29311542507903576,0.09110828552032652,1.0,0.0,0.0,0.0
187.0,1.2885486362577603,-0.6870380743379585,1.0,0.0,0.0,0.0
188.0,-0.43482497168756806,0.3865398642718752,1.0,0.0,0.0,0.0
189.0,1.296007230599677,0.12363472064600815,1.0,0.0,0.0,0.0
190.0,0.7227453022808499,-0.03801570529833348,1.0,0.0,0.0,0.0
191.0,0.7650859177624185,-0.6440661306516774,1.0,0.0,0.0,0.0
192.0,-0.2965750388239137,0.24102847574187755,1.0,0.0,0.0,0.0
193.0,-0.41299245138629903,0.15938991371312405,1.0,0.0,0.0,0.0
194.0,-1.1913276240980615,0.3474165164835318,1.0,0.0,0.0,0.0
195.0,-0.7083167853440866,-0.5211083664291722,1.0,0.0,0.0,0.0
196.0,-0.9412194864462404,0.9659878289393522,1.0,0.0,1.0,0.0
197.0,1.3227770620709238,-0.052936315825000455,1.0,0.0,0.0,0.0
198.0,-1.3075454519181382,0.23156616176874464,1.0,0.0,0.0,0.0
199.0,0.345513419193511,-0.9467003281744556,1.0,0.0,0.0,0.0
200.0,0.8660529382632283,0.6485393616759635,1.0,0.0,0.0,0.0
201.0,0.2982265963561588,1.025318534600162,1.0,1.0,1.0,1.0
202.0,0.5259660690464667,1.03916140716468,1.0,1.0,1.0,1.0
203.0,0.11312976022797194,1.8128809614153658,1.0,1.0,1.0,1.0
204.0,-1.0939984172705457,0.1360147411822582,1.0,0.0,0.0,0.0
205.0,-1.319685993540534,0.062077482714356,1.0,0.0,0.0,0.0
206.0,0.30879179594636286,-0.5058323687828349,1.0,0.0,0.0,0.0
207.0,0.14359571831645734,-1.6168300434276355,1.0,0.0,0.0,0.0
208.0,0.687611213910762,0.1621112441115684,1.0,0.0,0.0,0.0
209.0,-1.5606884557443643,-0.22997762355867638,1.0,0.0,0.0,0.0
210.0,-0.3441764701392289,0.4386704086492997,1.0,0.0,1.0,0.0
211.0,0.45680574267181484,-0.9519816740295184,1.0,0.0,0.0,0.0
212.0,0.7759381725859811,0.9402761270025716,1.0,1.0,1.0,1.0
213.0,0.34191834304248747,-0.8195932299314371,1.0,0.0,0.0,0.0
214.0,0.9315443074348608,-0.786029606623178,1.0,0.0,0.0,0.0
215.0,0.08010102881859194,-1.6589924915803913,1.0,0.0,0.0,0.0
216.0,-0.1485287634829131,-0.5026698052555265,1.0,0.0,0.0,0.0
217.0,-1.0833933200131738,-0.40273049776036934,1.0,0.0,0.0,0.0
218.0,0.7812084243672737,0.7085622237508201,1.0,0.0,0.0,0.0
219.0,-1.2180699480936146,-0.23126005024964075,1.0,0.0,0.0,0.0
220.0,0.12486449283930501,-1.094100363605186,1.0,0.0,0.0,0.0
221.0,1.3647014061798703,0.4188354327895881,1.0,0.0,0.0,0.0
222.0,-0.05391826678738054,-1.8503679996380025,1.0,0.0,0.0,0.0
223.0,-0.09622051959869271,-1.3490811806260974,1.0,0.0,0.0,0.0
224.0,-0.9669023996898525,-0.4358981292185196,1.0,0.0,0.0,0.0
225.0,-1.3754580744372307,-0.05638053378849233,1.0,0.0,0.0,0.0
226.0,0.8464823155236698,-0.15149706133459634,1.0,0.0,0.0,0.0
227.0,0.3028883648762086,-1.4760638885040867,1.0,0.0,0.0,0.0
228.0,0.2536498946959598,-1.6115732393220024,1.0,0.0,0.0,0.0
229.0,-0.4493031521772428,-1.3895313007181664,1.0,0.0,0.0,0.0
230.0,1.5789139875474736,-0.09020606516348433,1.0,0.0,0.0,0.0
231.0,0.5451346143978393,-0.746770680915124,1.0,0.0,0.0,0.0
232.0,1.1553806225393517,0.3704383869167478,1.0,0.0,0.0,0.0
233.0,0.4267700269622017,-0.9436690692819291,1.0,0.0,0.0,0.0
234.0,-1.5294336989512036,-0.17540169895841,1.0,0.0,0.0,0.0
235.0,0.02389053626073423,-1.915192510563865,1.0,0.0,0.0,0.0
236.0,1.2620416266360457,-0.32125264123621844,1.0,0.0,0.0,0.0
237.0,-1.6994692205088655,0.2582683855868487,1.0,0.0,0.0,0.0
238.0,0.20417998317321873,0.5189947277841607,1.0,1.0,1.0,1.0
239.0,-1.2327314074589815,0.00963244877972732,1.0,0.0,0.0,0.0
240.0,1.093058392165073,0.5659422988142753,1.0,0.0,0.0,0.0
241.0,1.2849064243116897,-0.4532194410607695,1.0,0.0,0.0,0.0
242.0,-0.4066577956070585,-0.5204327252975308,1.0,0.0,0.0,0.0
243.0,-0.8236945593268623,-0.12650458081725546,1.0,0.0,0.0,0.0
244.0,-0.8915164422521689,-0.22534827661648654,1.0,0.0,0.0,0.0
245.0,-0.5561142966865966,0.424149122151458,1.0,0.0,0.0,0.0
246.0,0.3076305724650483,1.0277414375272378,1.0,1.0,1.0,1.0
247.0,0.11128031244990932,0.8165869785191118,1.0,1.0,1.0,1.0
248.0,-0.5786032753092147,1.0611487688802665,1.0,1.0,1.0,1.0
249.0,0.5496839169527257,0.8648856100078177,1.0,1.0,1.0,1.0
250.0,0.7030697677898399,-0.46738263728596124,1.0,0.0,0.0,0.0
251.0,0.2331157919001372,1.3054733740636302,1.0,1.0,1.0,1.0
252.0,0.49561112775653715,-1.4544917430950002,1.0,0.0,0.0,0.0
253.0,0.367611132856442,-0.8887476308239453,1.0,0.0,0.0,0.0
254.0,-0.6387045704773344,-1.0890990120753676,1.0,0.0,0.0,0.0
255.0,-0.787195949343019,0.8455689544114723,1.0,0.0,1.0,0.0
256.0,0.18299551607714637,-1.7700199749133796,1.0,0.0,0.0,0.0
257.0,0.44936695600740295,-0.24259824254928655,1.0,0.0,0.0,0.0
258.0,0.44319375568723496,-0.6760369876311254,1.0,0.0,0.0,0.0
259.0,-0.46864796440858036,1.390265060841942,1.0,1.0,1.0,1.0
260.0,0.2630956288650208,-0.7322390088856091,1.0,0.0,0.0,0.0
261.0,1.9430785407856765,-0.032183480638284044,1.0,0.0,0.0,0.0
262.0,-0.28790192382419333,0.45187415713176954,1.0,1.0,1.0,1.0
263.0,-0.0679663462648028,-0.5764192013121116,1.0,0.0,0.0,0.0
264.0,-1.2691509693508882,-0.4275849071405661,1.0,0.0,0.0,0.0
265.0,0.41547863096301096,-0.39729719296049854,1.0,0.0,0.0,0.0
266.0,0.060641467610568434,0.14735580890955394,1.0,0.0,1.0,0.0
267.0,0.6093958627560845,0.8867338637304236,1.0,1.0,1.0,1.0
268.0,-1.0057692945310195,0.3505577245966493,1.0,0.0,0.0,0.0
269.0,-0.24120220013787463,0.6391007725296841,1.0,1.0,1.0,1.0
270.0,0.003751827953947018,0.6040100377020383,1.0,1.0,1.0,1.0
271.0,-1.2665750275794898,-0.04518809282178963,1.0,0.0,0.0,0.0
272.0,-0.8162926119623468,0.4683992821484109,1.0,0.0,0.0,0.0
273.0,0.29764307521126865,0.2432266700384567,1.0,0.0,0.0,0.0
274.0,-0.26443510260027425,-1.099623051040761,1.0,0.0,0.0,0.0
275.0,1.0487886874368786,-0.30347225026045377,1.0,0.0,0.0,0.0
276.0,-0.7034144967704958,-1.0926290597129067,1.0,0.0,0.0,0.0
277.0,-0.06194146756050678,0.9185667967206025,1.0,1.0,1.0,1.0
278.0,1.1041266097791222,-0.7243220553994602,1.0,0.0,0.0,0.0
279.0,-1.3908201486047442,-0.11684431311256062,1.0,0.0,0.0,0.0
280.0,-1.202784363572,-0.6253245623868767,1.0,0.0,0.0,0.0
281.0,0.04859647848360149,-0.3408319864014235,1.0,0.0,0.0,0.0
282.0,-1.221562609071062,0.010651892264943561,1.0,0.0,0.0,0.0
283.0,0.032256787025159994,-1.0392183226136942,1.0,0.0,0.0,0.0
284.0,0.37749841005103546,-0.6688442297007833,1.0,0.0,0.0,0.0
285.0,0.8895126957244948,0.24199319842808237,1.0,0.0,0.0,0.0
286.0,-1.4101101821385744,0.5594921326036275,1.0,0.0,0.0,0.0
287.0,0.9228239834336112,0.621393182521122,1.0,0.0,0.0,0.0
288.0,0.2727692571705065,-1.4787883112621039,1.0,0.0,0.0,0.0
289.0,-0.2085665520450264,-0.09394720918036671,1.0,0.0,0.0,0.0
290.0,-0.3735486198646081,0.268543710779773,1.0,0.0,0.0,0.0
291.0,-1.0745097093810179,-0.2257893932726773,1.0,0.0,0.0,0.0
292.0,0.6030653390535932,0.1315970283923134,1.0,0.0,0.0,0.0
293.0,-0.9174064173915668,1.0745994275839028,1.0,0.0,1.0,0.0
294.0,0.27273656760692777,0.704958340213685,1.0,1.0,1.0,1.0
295.0,0.5138351915156334,0.14503505088446556,1.0,0.0,0.0,0.0
296.0,-1.320046194122349,-0.30391542334623517,1.0,0.0,0.0,0.0
297.0,-1.512391114658775,0.4708078295959281,1.0,0.0,0.0,0.0
298.0,0.13692409441496256,-1.1025894672261338,1.0,0.0,0.0,0.0
299.0,1.2286717203739594,0.724867530422281,1.0,0.0,0.0,0.0
300.0,-0.5015721130605693,0.21275586495365092,1.0,0.0,0.0,0.0
301.0,-0.10718411444572462,-1.3578105350057916,1.0,0.0,0.0,0.0
302.0,-0.576375121930838,-1.015848085578835,1.0,0.0,0.0,0.0
303.0,1.707484242914366,-0.15735550073500423,1.0,0.0,0.0,0.0
304.0,-0.3312985347606956,-0.41160420169196327,1.0,0.0,0.0,0.0
305.0,-0.45654023495711993,-0.6505056487569194,1.0,0.0,0.0,0.0
306.0,0.4446978097366969,0.8077547610385365,1.0,1.0,1.0,1.0
307.0,0.6565674269940223,-1.1583947992081787,1.0,0.0,0.0,0.0
308.0,0.6411061797107389,0.734907308438106,1.0,0.0,1.0,0.0
309.0,-1.6609641311039445,-0.27506754986378784,1.0,0.0,0.0,0.0
310.0,0.3276103161387569,-0.5370820317022525,1.0,0.0,0.0,0.0
311.0,0.3541370077574104,0.5324211855736974,1.0,1.0,1.0,1.0
312.0,-1.4777077670617684,-0.34552422422935214,1.0,0.0,0.0,0.0
313.0,1.7102352378638508,0.28831403150560536,1.0,0.0,0.0,0.0
314.0,-0.10952988466607039,0.19709075533768297,1.0,0.0,1.0,0.0
315.0,-0.1613001868919004,-1.6117621815010008,1.0,0.0,0.0,0.0
316.0,-0.059491297241438534,0.1667885135399449,1.0,0.0,1.0,0.0
317.0,-0.7312828933312816,1.1815718071757624,1.0,1.0,1.0,1.0
318.0,-0.9371677250536674,0.4627776472563616,1.0,0.0,0.0,0.0
319.0,0.6276057997027085,-0.5936906022862979,1.0,0.0,0.0,0.0
320.0,0.34505684407393256,-0.7171260689734634,1.0,0.0,0.0,0.0
321.0,-0.316486379218607,0.5783864442896826,1.0,1.0,1.0,1.0
322.0,-0.48652247836538143,0.6445883076319077,1.0,1.0,1.0,1.0
323.0,-1.5241393503419296,-0.3923804494204966,1.0,0.0,0.0,0.0
324.0,-0.29216958384045055,1.1193976724897259,1.0,1.0,1.0,1.0
325.0,0.49446897449336946,-0.13072924288237034,1.0,0.0,0.0,0.0
326.0,0.8339979331468363,-0.42788059697652203,1.0,0.0,0.0,0.0
327.0,0.6749125190482195,-1.2150179563318144,1.0,0.0,0.0,0.0
328.0,-0.28251722682094993,-1.29575589959673,1.0,0.0,0.0,0.0
329.0,0.9998229997048571,-0.8407553427615767,1.0,0.0,0.0,0.0
330.0,-0.5774516544728563,-1.3895233901958446,1.0,0.0,0.0,0.0
331.0,0.9283203334795371,1.0227769661913115,1.0,0.0,1.0,0.0
332.0,0.10467212200648612,0.9581147965777593,1.0,1.0,1.0,1.0
333.0,-0.14249836842373487,1.3325363461045263,1.0,1.0,1.0,1.0
334.0,1.025868441438445,0.2149905278745367,1.0,0.0,0.0,0.0
335.0,-1.5315743677936284,0.22848878684229362,1.0,0.0,0.0,0.0
336.0,-0.19581014213563197,1.3189986600880208,1.0,1.0,1.0,1.0
337.0,1.5072709463984357,0.05938412556163194,1.0,0.0,0.0,0.0
338.0,0.4066564169290241,-0.9432026704524515,1.0,0.0,0.0,0.0
339.0,1.158178587833528,0.6177468845859714,1.0,0.0,0.0,0.0
340.0,-1.2503869082835157,-0.050216152478051675,1.0,0.0,0.0,0.0
341.0,-0.735112529294133,-0.25953938744937477,1.0,0.0,0.0,0.0
342.0,-0.49317579279726953,0.17144504857593282,1.0,0.0,0.0,0.0
343.0,-0.02320317647186121,-1.0941479825753735,1.0,0.0,0.0,0.0
344.0,-0.11013190208987833,0.8023331907354848,1.0,1.0,1.0,1.0
345.0,-1.3072378723518296,0.31807334739097526,1.0,0.0,0.0,0.0
346.0,1.5561851765736385,0.42616257297463606,1.0,0.0,0.0,0.0
347.0,-0.8289881087218594,-0.6381019152358671,1.0,0.0,0.0,0.0
348.0,-0.39702092895374275,1.5735862919259422,1.0,0.0,1.0,0.0
349.0,-0.09830018564908505,-0.20948740953931735,1.0,0.0,0.0,0.0
350.0,-0.5356787653173658,-0.3049692106668034,1.0,0.0,0.0,0.0
351.0,-0.47639437167635723,-0.3229567677223059,1.0,0.0,0.0,0.0
352.0,-1.0257099987914167,-0.10540857422454522,1.0,0.0,0.0,0.0
353.0,-0.3203246751897,1.6239358695420605,1.0,1.0,1.0,1.0
354.0,-0.16455772407366798,-1.4152866166134908,1.0,0.0,0.0,0.0
355.0,0.305680725172194,1.1941725652785704,1.0,1.0,1.0,1.0
356.0,0.9016343485622995,-0.624968596546347,1.0,0.0,0.0,0.0
357.0,-0.09640882680171847,0.18642731137531496,1.0,0.0,1.0,0.0
358.0,0.9486700045576826,0.9308614762184826,1.0,0.0,0.0,0.0
359.0,1.441649339515699,-0.02723092770788214,1.0,0.0,0.0,0.0
360.0,-1.3861817345414114,0.10005524202110244,1.0,0.0,0.0,0.0
361.0,-1.097370350886088,-0.49535680991922126,1.0,0.0,0.0,0.0
362.0,-0.1859044439162596,-0.9637176845041631,1.0,0.0,0.0,0.0
363.0,-0.9031721721867032,-1.081540303560942,1.0,0.0,0.0,0.0
364.0,1.0237545662287175,0.3599207687105481,1.0,0.0,0.0,0.0
365.0,-0.25823929871755924,-1.3436928260373253,1.0,0.0,0.0,0.0
366.0,-0.28509145006077885,0.10738487846806306,1.0,0.0,0.0,0.0
367.0,0.8728850603726728,0.03959054851668819,1.0,0.0,0.0,0.0
368.0,-0.40608622886035173,-1.4857309834066357,1.0,0.0,0.0,0.0
369.0,-0.003962768040660869,-1.7643757918908671,1.0,0.0,0.0,0.0
370.0,0.24634681630057376,-1.5783872719193737,1.0,0.0,0.0,0.0
371.0,0.3893824943072124,-0.24193659766611492,1.0,0.0,0.0,0.0
372.0,-0.13333384125756043,-0.7877493496721961,1.0,0.0,0.0,0.0
373.0,0.8664313349290746,-0.7385148226574249,1.0,0.0,0.0,0.0
374.0,1.7694421292346179,-0.14947079721660228,1.0,0.0,0.0,0.0
375.0,-1.510529813617973,0.23783158659334444,1.0,0.0,0.0,0.0
376.0,0.4649670011882048,1.0546300533861588,1.0,1.0,1.0,1.0
377.0,-0.9151732689521364,0.15275228214803713,1.0,0.0,0.0,0.0
378.0,-0.45939070309491026,0.6936175434308168,1.0,1.0,1.0,1.0
379.0,1.0486866522415506,-0.03722965156348866,1.0,0.0,0.0,0.0
380.0,1.4179908145821885,0.3302586771885115,1.0,0.0,0.0,0.0
381.0,-0.4199482800096521,-0.8069286135927369,1.0,0.0,0.0,0.0
382.0,-0.14003079929809115,1.7011104922621543,1.0,1.0,1.0,1.0
383.0,0.9232361965926912,0.08301622238130697,1.0,0.0,0.0,0.0
384.0,-0.3214676962082117,-1.621926834622716,1.0,0.0,0.0,0.0
385.0,-0.3382456668274605,1.5730472557446729,1.0,1.0,1.0,1.0
386.0,0.2630189233402236,1.462357258430026,1.0,1.0,1.0,1.0
387.0,0.5840603195653067,1.1925384830394579,1.0,1.0,1.0,1.0
388.0,1.0904654015326498,0.14029143150590753,1.0,0.0,0.0,0.0
389.0,0.9903447009003425,0.9769138572584933,1.0,0.0,0.0,0.0
390.0,-0.12070450290717538,-1.008903745489016,1.0,0.0,0.0,0.0
391.0,-0.7101569697473096,-0.8151896352038789,1.0,0.0,0.0,0.0
392.0,-0.8406354007358505,0.33808126504092456,1.0,0.0,0.0,0.0
393.0,1.2576572319986603,-0.46627277844158793,1.0,0.0,0.0,0.0
394.0,1.0986089410600153,0.14154541230653148,1.0,0.0,0.0,0.0
395.0,-0.8172510120092031,-0.49038909829085636,1.0,0.0,0.0,0.0
396.0,0.3822194193639974,1.230643696175388,1.0,1.0,1.0,1.0
397.0,-0.576969343074428,-0.9657524242943978,1.0,0.0,0.0,0.0
398.0,0.3694514773759745,1.561582448532144,1.0,1.0,1.0,1.0
399.0,0.44043803953590244,-0.2466105600458129,1.0,0.0,0.0,0.0
400.0,-0.5852891519223444,-0.4378303502973452,1.0,0.0,0.0,0.0
401.0,-1.0419641781109545,-0.7705976452028728,1.0,0.0,0.0,0.0
402.0,-0.49743069717898347,-0.41358575573363493,1.0,0.0,0.0,0.0
403.0,-0.5927226834078478,0.8202010497952462,1.0,1.0,1.0,1.0
404.0,-0.27546857518161083,-1.6362551701780366,1.0,0.0,0.0,0.0
405.0,-0.5405711005309985,0.3972533943033105,1.0,0.0,0.0,0.0
406.0,-1.6658503160414728,-0.11785359641457796,1.0,0.0,0.0,0.0
407.0,0.6319295769563067,0.42243798631518675,1.0,0.0,0.0,0.0
408.0,0.8664196828619053,-0.09040481650809196,1.0,0.0,0.0,0.0
409.0,-0.5110359032199243,-0.9035498095436988,1.0,0.0,0.0,0.0
410.0,-0.2437271579505449,-1.131871606279139,1.0,0.0,0.0,0.0
411.0,0.48363559367980535,-0.9696183589515407,1.0,0.0,0.0,0.0
412.0,-0.4820539331913718,0.7112912481731252,1.0,1.0,1.0,1.0
413.0,-0.6926088098167646,0.4752241205659952,1.0,0.0,0.0,0.0
414.0,0.2817252904458667,0.26427225711542446,1.0,0.0,0.0,0.0
415.0,-1.2744488464465547,-0.4187132336231698,1.0,0.0,0.0,0.0
416.0,-0.1213622555451428,0.07270081366994068,1.0,0.0,0.0,0.0
417.0,-0.5160255526838524,0.9689482655084805,1.0,1.0,1.0,1.0
418.0,-0.6627501445747805,0.7407767465390002,1.0,0.0,1.0,0.0
419.0,-0.3776679199098023,0.05281496763866182,1.0,0.0,0.0,0.0
420.0,-0.24677984680210452,0.2960235141524616,1.0,0.0,1.0,0.0
421.0,0.30215937212095456,1.3601220632862674,1.0,1.0,1.0,1.0
422.0,-0.30152922026146634,0.24991503871307685,1.0,0.0,0.0,0.0
423.0,0.5768020720130997,0.11137139058056769,1.0,0.0,0.0,0.0
424.0,-1.1510957204713628,-0.18858488355173972,1.0,0.0,0.0,0.0
425.0,-0.3864338496157669,0.3887154974524222,1.0,0.0,1.0,0.0
426.0,-1.0946678088228632,-0.8721240417318432,1.0,0.0,0.0,0.0
427.0,-1.2786556538172689,-0.3152395340288261,1.0,0.0,0.0,0.0
428.0,-0.08249721428218049,0.5043383406099549,1.0,1.0,1.0,1.0
429.0,0.19631975630706888,-1.373311111449445,1.0,0.0,0.0,0.0
430.0,-0.826366972398866,0.5410156195203989,1.0,0.0,0.0,0.0
431.0,-0.17368598520745104,-1.0179272429008497,1.0,0.0,0.0,0.0
432.0,-0.017510910208593966,1.2798653782996103,1.0,1.0,1.0,1.0
433.0,0.6638296279528433,0.12585285720052836,1.0,0.0,0.0,0.0
434.0,1.0695436692622007,0.7457161257961917,1.0,0.0,0.0,0.0
435.0,0.5284808457545496,-1.3938722521165445,1.0,0.0,0.0,0.0
436.0,-0.7959040760775378,0.1682760645499444,1.0,0.0,0.0,0.0
437.0,0.5046415472221399,-1.0577821423759024,1.0,0.0,0.0,0.0
438.0,-0.012260717535280463,1.931299546280978,1.0,1.0,1.0,1.0
439.0,0.19827362011793692,-1.1804794910450025,1.0,0.0,0.0,0.0
440.0,0.8243841101482361,0.602235166581016,1.0,0.0,0.0,0.0
441.0,-0.1944530597858556,0.4569844229775821,1.0,1.0,1.0,1.0
442.0,1.3354249851240976,-0.660036806865914,1.0,0.0,0.0,0.0
443.0,1.0566387971354696,0.8381236384258713,1.0,0.0,0.0,0.0
444.0,0.633012313165243,-1.0691059246568593,1.0,0.0,0.0,0.0
445.0,-0.35496922206628767,-0.16193226040743397,1.0,0.0,0.0,0.0
446.0,1.4393901101868352,-0.11044695037695934,1.0,0.0,0.0,0.0
447.0,0.13500837598095217,0.882100314407252,1.0,1.0,1.0,1.0
448.0,0.8519581637014215,0.2035823675322164,1.0,0.0,0.0,0.0
449.0,0.8374787820496161,-0.7081680706562258,1.0,0.0,0.0,0.0
450.0,0.30927434097930684,0.2612099243364797,1.0,0.0,0.0,0.0
451.0,0.06417391936082106,1.2821318158600008,1.0,1.0,1.0,1.0
452.0,0.06763253442960648,-0.44516881642731987,1.0,0.0,0.0,0.0
453.0,-0.5329954662894876,-0.11264683827024577,1.0,0.0,0.0,0.0
454.0,0.01955825503271713,0.91493185893707,1.0,1.0,1.0,1.0
455.0,-1.658644196922693,-0.27827207354327754,1.0,0.0,0.0,0.0
456.0,-0.20407205074961476,1.2921211232422598,1.0,1.0,1.0,1.0
457.0,-0.8352144094165079,-0.7792023991475502,1.0,0.0,0.0,0.0
458.0,0.11154017865536092,0.40618801619597056,1.0,1.0,1.0,1.0
459.0,-1.2821778911181707,-0.47924282198949686,1.0,0.0,0.0,0.0
460.0,-0.09910150283190555,0.03612820321184888,1.0,0.0,0.0,0.0
461.0,0.3300090069407644,1.571462387967919,1.0,1.0,1.0,1.0
462.0,0.20243152494030703,-1.60137670549102,1.0,0.0,0.0,0.0
463.0,1.6864720754495157,-0.04024353785008268,1.0,0.0,0.0,0.0
464.0,-0.653764150617838,-1.2279467148991032,1.0,0.0,0.0,0.0
465.0,1.0572790852706402,-0.19106095840452375,1.0,0.0,0.0,0.0
466.0,1.0549018332709377,-0.4884492894333351,1.0,0.0,0.0,0.0
467.0,0.20511592308510984,0.2453893396957233,1.0,0.0,1.0,0.0
468.0,-1.304845125090036,-0.49563518415842744,1.0,0.0,0.0,0.0
469.0,-0.45518281735889987,-1.1911638912789793,1.0,0.0,0.0,0.0
470.0,-0.8365995270430933,-0.8155409252730124,1.0,0.0,0.0,0.0
471.0,-0.8153609214624509,-0.18335837072400785,1.0,0.0,0.0,0.0
472.0,-0.2842397656568463,-0.675269388216326,1.0,0.0,0.0,0.0
473.0,0.26948930279425154,-1.3231395205046963,1.0,0.0,0.0,0.0
474.0,-0.5810872664387627,0.5287700365467717,1.0,0.0,0.0,0.0
475.0,-0.17400149138420495,0.21196885518970232,1.0,0.0,1.0,0.0
476.0,0.3972282288045239,0.8652996735831423,1.0,1.0,1.0,1.0
477.0,-0.6407553804113015,0.8407421626115833,1.0,1.0,1.0,1.0
478.0,-0.06984951199330824,1.7780431704053703,1.0,1.0,1.0,1.0
479.0,-1.0316223914208131,-0.16167812072582158,1.0,0.0,0.0,0.0
480.0,-0.4490669829185414,-1.521821194103098,1.0,0.0,0.0,0.0
481.0,-0.8914389878714291,-0.07903086351177459,1.0,0.0,0.0,0.0
482.0,0.1818264946284578,1.0270800955018153,1.0,1.0,1.0,1.0
483.0,-0.2396036843893503,1.0696316812778979,1.0,1.0,1.0,1.0
484.0,0.6257691046951064,-0.4854766608905763,1.0,0.0,0.0,0.0
485.0,-0.8247061424481741,-0.8440699311269261,1.0,0.0,0.0,0.0
486.0,0.7222504390783926,-0.322359480430384,1.0,0.0,0.0,0.0
487.0,0.824941253445497,1.1437043054460507,1.0,0.0,1.0,0.0
488.0,0.7230432967441067,0.11835557449858511,1.0,0.0,0.0,0.0
489.0,1.0704684262549695,0.3296752046079677,1.0,0.0,0.0,0.0
490.0,-0.5726489881554624,-0.17789973270158724,1.0,0.0,0.0,0.0
491.0,0.014011222933656864,0.8750137925002198,1.0,1.0,1.0,1.0
492.0,0.5066502853504984,1.4096012745637174,1.0,1.0,1.0,1.0
493.0,1.0791609054656575,-0.882556189210041,1.0,0.0,0.0,0.0
494.0,-0.391431603397157,-0.39382940611515793,1.0,0.0,0.0,0.0
495.0,-0.03095345575144659,-0.26430504870907945,1.0,0.0,0.0,0.0
496.0,0.6867749374429781,-0.4303309329297881,1.0,0.0,0.0,0.0
497.0,-0.5159889972174527,-0.33422095928156664,1.0,0.0,0.0,0.0
498.0,0.9685785642434435,-0.005773995460183772,1.0,0.0,0.0,0.0
499.0,0.1251793348966901,0.4092963360378771,1.0,1.0,1.0,1.0
500.0,0.2584647163509035,-0.5209542344762037,1.0,0.0,0.0,0.0
501.0,-1.5089724864512162,0.4665291554599385,1.0,0.0,0.0,0.0
502.0,0.5676262586232212,-0.7525934742016689,1.0,0.0,0.0,0.0
503.0,1.2946165400665102,0.5440177485207277,1.0,0.0,0.0,0.0
504.0,0.7242464018912615,-0.1468361177443112,1.0,0.0,0.0,0.0
505.0,0.5163231581660419,-1.0448182405581936,1.0,0.0,0.0,0.0
506.0,1.0870891078395881,-0.024736928232281036,1.0,0.0,0.0,0.0
507.0,0.8475531901003053,0.5065500104178573,1.0,0.0,0.0,0.0
508.0,0.6214046024152169,-0.5768510255774251,1.0,0.0,0.0,0.0
509.0,0.7392401723981417,1.1780699450206007,1.0,1.0,1.0,1.0
510.0,-0.5307943909901249,1.2801306325684438,1.0,1.0,1.0,1.0
511.0,1.3104967709126907,0.325290557294173,1.0,0.0,0.0,0.0
512.0,1.4207350410686708,-0.32533897384019794,1.0,0.0,0.0,0.0
513.0,-1.5726344932267935,-0.061629016211543666,1.0,0.0,0.0,0.0
514.0,0.7330640498903436,-1.2457694929547503,1.0,0.0,0.0,0.0
515.0,0.5670712325614584,-0.38734846695732045,1.0,0.0,0.0,0.0
516.0,-0.6206266542999819,-0.6335533840118902,1.0,0.0,0.0,0.0
517.0,0.2390932758701947,1.1977842278176707,1.0,1.0,1.0,1.0
518.0,0.2506466230122326,0.35055549514090634,1.0,0.0,1.0,0.0
519.0,1.4272046988603124,0.10303036379792015,1.0,0.0,0.0,0.0
520.0,-0.4667224138086721,0.5404822029984052,1.0,0.0,1.0,0.0
521.0,1.3110516793245814,-0.37647968400379384,1.0,0.0,0.0,0.0
522.0,-0.015026758634928417,-1.6823157173680714,1.0,0.0,0.0,0.0
523.0,-0.256327737750885,1.2232992017052138,1.0,1.0,1.0,1.0
524.0,0.40717886254580504,-0.6476841446351221,1.0,0.0,0.0,0.0
525.0,-0.8349571007024492,0.3110752911919383,1.0,0.0,0.0,0.0
526.0,-0.929932110378882,0.6352591247286701,1.0,0.0,0.0,0.0
527.0,-0.9344036250668366,0.023730456646896905,1.0,0.0,0.0,0.0
528.0,0.21092224884146837,0.8002481346192862,1.0,1.0,1.0,1.0
529.0,-1.2646604503857817,0.4369949210269089,1.0,0.0,0.0,0.0
530.0,-1.4050644301175068,-0.14687613186976184,1.0,0.0,0.0,0.0
531.0,0.9030161666793246,0.018247689079643047,1.0,0.0,0.0,0.0
532.0,0.25281598328078214,0.5239597431071885,1.0,1.0,1.0,1.0
533.0,-0.32788398317896883,-0.03891248523211542,1.0,0.0,0.0,0.0
534.0,-0.4301287024953049,1.1465638714661324,1.0,1.0,1.0,1.0
535.0,-1.547120456674878,0.39467786651376496,1.0,0.0,0.0,0.0
536.0,0.08898373164119366,-1.132491875998732,1.0,0.0,0.0,0.0
537.0,0.27497435827645056,0.23026889551031127,1.0,0.0,0.0,0.0
538.0,0.07474217098431701,-1.3092160570398468,1.0,0.0,0.0,0.0
539.0,0.4524987118168573,-0.5463450603748831,1.0,0.0,0.0,0.0
540.0,1.5105738523497605,0.3003626787102246,1.0,0.0,0.0,0.0
541.0,0.01681937977821546,1.0136952996725184,1.0,1.0,1.0,1.0
542.0,-0.973709189678289,0.29152410952833885,1.0,0.0,0.0,0.0
543.0,0.243228213436137,0.7742149186492197,1.0,1.0,1.0,1.0
544.0,1.181489364665456,-0.3665573621729336,1.0,0.0,0.0,0.0
545.0,-0.23551588027184156,1.099758791451807,1.0,1.0,1.0,1.0
546.0,-1.637391066300165,-0.17643758166563892,1.0,0.0,0.0,0.0
547.0,-0.6666263438808868,-0.9155978047207237,1.0,0.0,0.0,0.0
548.0,0.36285892761947913,1.3822833062548456,1.0,1.0,1.0,1.0
549.0,-0.18161947631816355,1.4340171321878619,1.0,1.0,1.0,1.0
550.0,-0.8149761798426285,0.0859196015683934,1.0,0.0,0.0,0.0
551.0,0.04384191568580098,1.6151097996250467,1.0,1.0,1.0,1.0
552.0,-0.011340139709385522,-0.5539375652815726,1.0,0.0,0.0,0.0
553.0,1.381824500642721,-0.15464790926055458,1.0,0.0,0.0,0.0
554.0,-1.0547173458339558,-0.9198137546721074,1.0,0.0,0.0,0.0
555.0,1.7299179722351443,0.23749745477486142,1.0,0.0,0.0,0.0
556.0,1.4330740137439095,0.37743220051350684,1.0,0.0,0.0,0.0
557.0,1.4078334756767132,0.5871530966485856,1.0,0.0,0.0,0.0
558.0,1.2649868176875834,-0.5561867353153562,1.0,0.0,0.0,0.0
559.0,-1.4577382381907826,0.5362264977636312,1.0,0.0,0.0,0.0
560.0,-0.5365196549931732,0.027741847317564378,1.0,0.0,0.0,0.0
561.0,-0.1268656731434139,0.7443646239455708,1.0,1.0,1.0,1.0
562.0,-0.6525884175504264,0.3917179326066531,1.0,0.0,0.0,0.0
563.0,-0.6361845404638764,1.1701598185797066,1.0,1.0,1.0,1.0
564.0,-0.1828038898408404,-1.7381125918784972,1.0,0.0,0.0,0.0
565.0,1.7934140109389047,-0.06936286866613009,1.0,0.0,0.0,0.0
566.0,1.025921316676341,0.6572647232749764,1.0,0.0,0.0,0.0
567.0,-0.8571780292372551,0.9430967607700833,1.0,0.0,1.0,0.0
568.0,1.480367858525744,-0.1622330784148576,1.0,0.0,0.0,0.0
569.0,-0.7100064946136286,0.33381510612564896,1.0,0.0,0.0,0.0
570.0,-0.06589783519673542,1.6901887182308397,1.0,1.0,1.0,1.0
571.0,0.2667131440786745,-1.1649779662665183,1.0,0.0,0.0,0.0
572.0,-1.0243588550295546,-0.053173224686221245,1.0,0.0,0.0,0.0
573.0,0.4072995209411068,-0.07566478955513402,1.0,0.0,0.0,0.0
574.0,-0.4112687161833586,-0.2579757758903471,1.0,0.0,0.0,0.0
575.0,1.4619003042869503,-0.45047895639862573,1.0,0.0,0.0,0.0
576.0,0.9761258722115573,0.3466831100499443,1.0,0.0,0.0,0.0
577.0,-1.6607548164560284,-0.18569484516043425,1.0,0.0,0.0,0.0
578.0,-0.021679342131293744,-1.448718907063075,1.0,0.0,0.0,0.0
579.0,-0.12303662778569668,-0.876500096679631,1.0,0.0,0.0,0.0
580.0,0.21899880177529063,-1.4287317355791185,1.0,0.0,0.0,0.0
581.0,-0.45019102217039286,-1.0397838555589562,1.0,0.0,0.0,0.0
582.0,1.0196013534599793,-0.4179525618894166,1.0,0.0,0.0,0.0
583.0,0.755759165144696,-0.28823033051799113,1.0,0.0,0.0,0.0
584.0,0.7430893363008937,-0.39561587387726294,1.0,0.0,0.0,0.0
585.0,1.2717337765930194,-0.2567449216967915,1.0,0.0,0.0,0.0
586.0,-0.6179100577557062,-0.6575262363753278,1.0,0.0,0.0,0.0
587.0,0.7670504642258318,0.30779743392123077,1.0,0.0,0.0,0.0
588.0,0.8070469417791402,-0.12155293237753381,1.0,0.0,0.0,0.0
589.0,0.4148698794136805,-1.2291070729577378,1.0,0.0,0.0,0.0
590.0,1.3310441405975824,0.1539189829174862,1.0,0.0,0.0,0.0
591.0,0.37676029809826916,1.3812880699778547,1.0,1.0,1.0,1.0
592.0,0.1569730148262347,-0.47512219205531764,1.0,0.0,0.0,0.0
593.0,1.135258816865178,0.3604596883881518,1.0,0.0,0.0,0.0
594.0,-0.46399285436924975,-0.46623660990805216,1.0,0.0,0.0,0.0
595.0,0.18733918845096253,1.2557868685296885,1.0,1.0,1.0,1.0
596.0,0.4234318198099509,-1.2445390579866835,1.0,0.0,0.0,0.0
597.0,0.1593237192742749,-0.3171989508973353,1.0,0.0,0.0,0.0
598.0,0.43962966489590105,-0.9002533357935358,1.0,0.0,0.0,0.0
599.0,1.3648845934684415,-0.4404182286766373,1.0,0.0,0.0,0.0
600.0,0.0853231145608433,-0.4177886040879629,1.0,0.0,0.0,0.0
601.0,-1.1731106881661328,-0.4773673547559326,1.0,0.0,0.0,0.0
602.0,-0.18993009710602715,1.2551246350821743,1.0,1.0,1.0,1.0
603.0,1.6108933356464465,-0.3809023778812953,1.0,0.0,0.0,0.0
604.0,-0.7081106763995852,-1.1802724230029829,1.0,0.0,0.0,0.0
605.0,-1.3866409036316782,-0.41203076016807433,1.0,0.0,0.0,0.0
606.0,0.5854128962862966,0.927224360375398,1.0,1.0,1.0,1.0
607.0,0.9927244809677966,0.1161100113896888,1.0,0.0,0.0,0.0
608.0,-0.9245433119112398,-0.27364940658075204,1.0,0.0,0.0,0.0
609.0,-0.5238671453609056,-1.4389687180142383,1.0,0.0,0.0,0.0
610.0,0.1810138178769627,-1.2563410911477093,1.0,0.0,0.0,0.0
611.0,1.2712733187649912,0.6863252420946028,1.0,0.0,0.0,0.0
612.0,1.4395782850777779,0.34591404009868143,1.0,0.0,0.0,0.0
613.0,-0.07971092334996133,1.7751420274826475,1.0,1.0,1.0,1.0
614.0,-1.4748695552048559,-0.10666847141703578,1.0,0.0,0.0,0.0
615.0,-0.5034924482487004,-1.4758302450109295,1.0,0.0,0.0,0.0
616.0,0.7810676601623512,1.019464283268122,1.0,1.0,1.0,1.0
617.0,-0.7325995231953133,0.8130687186947841,1.0,0.0,1.0,0.0
618.0,0.11862130059352927,-0.87879455958145,1.0,0.0,0.0,0.0
619.0,0.6052808525096767,-1.0458117741850874,1.0,0.0,0.0,0.0
620.0,-0.8258462831360283,0.37913397122897097,1.0,0.0,0.0,0.0
621.0,0.183787908553374,0.11214490914081224,1.0,0.0,0.0,0.0
622.0,0.4291152418744839,-0.9244981385216767,1.0,0.0,0.0,0.0
623.0,-0.007852723215940216,1.4733053993040695,1.0,1.0,1.0,1.0
624.0,-0.610334293401031,0.6596423998650776,1.0,0.0,1.0,0.0
625.0,-1.3461303801204783,0.6517820292124524,1.0,0.0,0.0,0.0
626.0,-1.6465291289659736,0.14027869739696844,1.0,0.0,0.0,0.0
627.0,-0.7796433572946957,-0.9331410937816483,1.0,0.0,0.0,0.0
628.0,0.5707933691493752,-0.007326648275546891,1.0,0.0,0.0,0.0
629.0,-0.9215656608672576,-0.7406847988723942,1.0,0.0,0.0,0.0
630.0,0.8232834416798505,0.48555576392531874,1.0,0.0,0.0,0.0
631.0,0.7803674782202505,0.6365323458301827,1.0,0.0,0.0,0.0
632.0,-0.24722369575078096,-1.1680327655516074,1.0,0.0,0.0,0.0
633.0,0.16009188964529208,1.0746689676872334,1.0,1.0,1.0,1.0
634.0,-0.6110969237136499,-0.30477493349248724,1.0,0.0,0.0,0.0
635.0,0.2525542099363971,0.5450304951405407,1.0,1.0,1.0,1.0
636.0,-0.07637201555711126,1.711801504309678,1.0,1.0,1.0,1.0
637.0,-0.3030790925295186,0.4468605382111456,1.0,1.0,1.0,1.0
638.0,0.63417098913648,1.35897849933952,1.0,0.0,1.0,0.0
639.0,0.1258501324684369,1.7478152201052954,1.0,1.0,1.0,1.0
640.0,-0.3328634472457028,0.520561141911772,1.0,1.0,1.0,1.0
641.0,-0.5918961001714012,-0.5122602581729716,1.0,0.0,0.0,0.0
642.0,-1.455255013330226,-0.4334312637930866,1.0,0.0,0.0,0.0
643.0,-1.393481342157382,-0.05335324341951549,1.0,0.0,0.0,0.0
644.0,-0.6401997321143016,0.7808871295879718,1.0,1.0,1.0,1.0
645.0,0.9098080832719235,-0.24750879076198362,1.0,0.0,0.0,0.0
646.0,-0.031418101053766634,0.8940232513464524,1.0,1.0,1.0,1.0
647.0,1.130607756061905,-0.46176072687432423,1.0,0.0,0.0,0.0
648.0,0.7945846282036388,-0.8930393415194879,1.0,0.0,0.0,0.0
649.0,0.1782969708872022,-1.4294683581350958,1.0,0.0,0.0,0.0
650.0,0.6300104205990147,1.202404508727558,1.0,1.0,1.0,1.0
651.0,-0.547215103789831,-0.3566406398533411,1.0,0.0,0.0,0.0
652.0,-1.971067118407722,0.015486853583432056,1.0,0.0,0.0,0.0
653.0,0.46720368252645184,1.1487228738416848,1.0,1.0,1.0,1.0
654.0,0.3784554026426932,0.344742887322057,1.0,0.0,0.0,0.0
655.0,0.36880916719995804,1.4925043726572702,1.0,1.0,1.0,1.0
656.0,0.1439678328667604,0.5489246449220908,1.0,1.0,1.0,1.0
657.0,0.6910422024629534,0.14729748408086046,1.0,0.0,0.0,0.0
658.0,1.706466025653242,0.2344641571029354,1.0,0.0,0.0,0.0
659.0,-0.6898342038351104,-0.33060421983369215,1.0,0.0,0.0,0.0
660.0,0.3348078243721182,0.41732281043098096,1.0,0.0,1.0,0.0
661.0,-0.15285746612726347,-1.5880322805105525,1.0,0.0,0.0,0.0
662.0,0.26447898516458546,1.3641343267546189,1.0,1.0,1.0,1.0
663.0,0.2923090446708798,-0.13865295251572393,1.0,0.0,0.0,0.0
664.0,1.095888501364481,-0.18389842560958822,1.0,0.0,0.0,0.0
665.0,1.0408886256194934,-0.38248324391144056,1.0,0.0,0.0,0.0
666.0,0.06745407075697596,-0.8200005439755509,1.0,0.0,0.0,0.0
667.0,-0.5080888943116548,-1.2443871285472419,1.0,0.0,0.0,0.0
668.0,-0.6632958972043781,1.1679045228411227,1.0,1.0,1.0,1.0
669.0,0.2723135217132966,-1.7232615050829758,1.0,0.0,0.0,0.0
670.0,-0.8013335594473618,-0.2092443824918256,1.0,0.0,0.0,0.0
671.0,-0.1295517742960013,-0.07513801986648261,1.0,0.0,0.0,0.0
672.0,-0.5293601568580231,0.8074385228050552,1.0,1.0,1.0,1.0
673.0,-1.0496558001016831,0.16949235711935043,1.0,0.0,0.0,0.0
674.0,-1.397475019137854,0.3065748456949095,1.0,0.0,0.0,0.0
675.0,-0.506804479060925,0.49159769414868726,1.0,0.0,0.0,0.0
676.0,-1.0473045959642913,0.7444332674461377,1.0,0.0,0.0,0.0
677.0,-1.8683515291226542,-0.00930314357145628,1.0,0.0,0.0,0.0
678.0,-1.836689594428548,-0.06271824430545658,1.0,0.0,0.0,0.0
679.0,0.5040391592324527,0.8972565812779585,1.0,1.0,1.0,1.0
680.0,-0.41457899042066826,1.0912177597544381,1.0,1.0,1.0,1.0
681.0,-0.49869669233839575,0.6090417175545528,1.0,0.0,1.0,0.0
682.0,0.056733391562311386,1.794448750816924,1.0,1.0,1.0,1.0
683.0,-1.0620956011014386,0.8045417465384226,1.0,0.0,0.0,0.0
684.0,-1.4464190092954228,-0.535312853693231,1.0,0.0,0.0,0.0
685.0,1.2324324854823336,-0.15380468617727291,1.0,0.0,0.0,0.0
686.0,0.23662365690346432,0.0634269325466837,1.0,0.0,0.0,0.0
687.0,0.2030940401340744,0.8804287346504402,1.0,1.0,1.0,1.0
688.0,0.0952492060099841,0.6513362638145918,1.0,1.0,1.0,1.0
689.0,-0.1638532084286206,-1.2954484837270763,1.0,0.0,0.0,0.0
690.0,0.8231496621291878,0.39485371124753904,1.0,0.0,0.0,0.0
691.0,-0.015421274827252418,-0.30675458391324634,1.0,0.0,0.0,0.0
692.0,1.1960111703617229,-0.6001017758264194,1.0,0.0,0.0,0.0
693.0,-0.09131095403401357,1.1443673831807437,1.0,1.0,1.0,1.0
694.0,1.2512466331880532,0.4042834353668212,1.0,0.0,0.0,0.0
695.0,0.6663588550464743,0.7917161081572984,1.0,0.0,1.0,0.0
696.0,-0.9935275812800062,-0.13343084384774978,1.0,0.0,0.0,0.0
697.0,-1.541137657082468,0.4501989446702274,1.0,0.0,0.0,0.0
698.0,-0.07728903552369548,-1.0246094185019474,1.0,0.0,0.0,0.0
699.0,0.8758032661726687,0.7338600064683056,1.0,0.0,0.0,0.0
700.0,1.7059757292051407,0.07316005737293414,1.0,0.0,0.0,0.0
701.0,1.389085790200311,-0.2978736535552672,1.0,0.0,0.0,0.0
702.0,0.3578003691778249,-1.1790996057903067,1.0,0.0,0.0,0.0
703.0,1.611524620697924,-0.3022224532675067,1.0,0.0,0.0,0.0
704.0,0.36809370307409717,-0.7345711086490607,1.0,0.0,0.0,0.0
705.0,-0.33728653661115215,-0.8984573518863441,1.0,0.0,0.0,0.0
706.0,-0.3747963806775405,-1.1637983328601373,1.0,0.0,0.0,0.0
707.0,0.03238678470169454,0.701934845512092,1.0,1.0,1.0,1.0
708.0,-1.4132470723617332,-0.3390930421488823,1.0,0.0,0.0,0.0
709.0,1.4813751860844748,-0.5170524106813246,1.0,0.0,0.0,0.0
710.0,0.02091609131743155,-0.8397267643182655,1.0,0.0,0.0,0.0
711.0,-1.2687282197481657,-0.2538393149012449,1.0,0.0,0.0,0.0
712.0,0.59818816531538,-1.266313322728525,1.0,0.0,0.0,0.0
713.0,-0.5258717487030689,0.4130148098192297,1.0,0.0,0.0,0.0
714.0,0.34756834658678226,1.0720235840855927,1.0,1.0,1.0,1.0
715.0,1.6754988649374702,-0.1595265417967446,1.0,0.0,0.0,0.0
716.0,-0.6675018241602846,-0.7843517435935056,1.0,0.0,0.0,0.0
717.0,0.803632371466521,-0.3836286694860577,1.0,0.0,0.0,0.0
718.0,-1.5679936921992659,-0.2799713500359717,1.0,0.0,0.0,0.0
719.0,0.6242710251297869,1.073479417707714,1.0,1.0,1.0,1.0
720.0,1.0393870685687383,-0.07423591331380838,1.0,0.0,0.0,0.0
721.0,-1.0853580318134326,0.8834882794768039,1.0,0.0,0.0,0.0
722.0,0.30156189933475863,-0.6180299881400039,1.0,0.0,0.0,0.0
723.0,-0.36387114231026274,-0.5674398594739953,1.0,0.0,0.0,0.0
724.0,-0.2622942342240435,0.44835961858120715,1.0,1.0,1.0,1.0
725.0,0.13121358579032716,1.7997144574048574,1.0,1.0,1.0,1.0
726.0,0.7231916494800434,-0.07800114916311822,1.0,0.0,0.0,0.0
727.0,-1.384099447328082,0.026398778839596272,1.0,0.0,0.0,0.0
728.0,-0.7265491473172978,-0.6640480609184983,1.0,0.0,0.0,0.0
729.0,-0.3045987545197475,0.22529505490017385,1.0,0.0,0.0,0.0
730.0,0.7139404442162065,1.2024673229084757,1.0,1.0,1.0,1.0
731.0,-0.8589471437980221,1.12978487512276,1.0,0.0,1.0,0.0
732.0,-1.2258617837309727,0.5414194901922385,1.0,0.0,0.0,0.0
733.0,0.7531144045261255,0.1388794110142346,1.0,0.0,0.0,0.0
734.0,0.5455558529502249,0.41233375493567637,1.0,0.0,0.0,0.0
735.0,1.7911992448083924,0.09565802724260766,1.0,0.0,0.0,0.0
736.0,-0.5411517378233857,1.449022809534362,1.0,0.0,1.0,0.0
737.0,-0.28775054908306696,0.018983981604805317,1.0,0.0,0.0,0.0
738.0,-0.8543898991239183,0.017776503128907557,1.0,0.0,0.0,0.0
739.0,1.217556772687486,-0.780895370913893,1.0,0.0,0.0,0.0
740.0,-0.4807964522259005,0.5139969810293544,1.0,0.0,1.0,0.0
741.0,1.653536552360542,-0.15693464181609745,1.0,0.0,0.0,0.0
742.0,1.2513184650090103,0.635923801605714,1.0,0.0,0.0,0.0
743.0,1.4563179779227795,-0.06706458866892936,1.0,0.0,0.0,0.0
744.0,0.21510636885637568,1.5462541549778979,1.0,1.0,1.0,1.0
745.0,-0.22714704934930152,1.2477717080103021,1.0,1.0,1.0,1.0
746.0,-0.7188723059608559,1.136780352823902,1.0,1.0,1.0,1.0
747.0,0.39455315224855436,-1.3231016032570821,1.0,0.0,0.0,0.0
748.0,0.20576362495708933,0.22832120324695862,1.0,0.0,1.0,0.0
749.0,0.4737245519798954,0.43814118702995264,1.0,0.0,0.0,0.0
750.0,0.32634304927594204,-1.1995669011872114,1.0,0.0,0.0,0.0
751.0,-0.8149404431205549,-0.7605368583823563,1.0,0.0,0.0,0.0
752.0,0.9014557331609216,-0.6396678469691285,1.0,0.0,0.0,0.0
753.0,0.7509017873854313,-0.10150563441535126,1.0,0.0,0.0,0.0
754.0,-0.4491801568130036,-1.0112802081962193,1.0,0.0,0.0,0.0
755.0,0.6253512273463824,0.5676774000165734,1.0,0.0,0.0,0.0
756.0,0.2925219302680384,-0.3026539282399003,1.0,0.0,0.0,0.0
757.0,-0.4832819801601076,1.280201250904035,1.0,1.0,1.0,1.0
758.0,1.5977255301613327,-0.06430821965193495,1.0,0.0,0.0,0.0
759.0,0.5853443165007124,-1.3664277078857974,1.0,0.0,0.0,0.0
760.0,-0.380996007753152,1.300576125281637,1.0,1.0,1.0,1.0
761.0,0.7485248323293772,0.8635562791563021,1.0,0.0,1.0,0.0
762.0,0.6889858754487759,1.1091127902610534,1.0,1.0,1.0,1.0
763.0,0.848373107882475,-0.4977425989086539,1.0,0.0,0.0,0.0
764.0,0.1673115511556662,1.2575106797790871,1.0,1.0,1.0,1.0
765.0,-0.1300058705161411,-1.401029004627848,1.0,0.0,0.0,0.0
766.0,0.2873080603569913,0.7668073536137885,1.0,1.0,1.0,1.0
767.0,-1.2309626127974784,-0.5082790505162447,1.0,0.0,0.0,0.0
768.0,-1.1279335348679975,-0.5482380363279302,1.0,0.0,0.0,0.0
769.0,0.6546120743559278,-0.6518983025990716,1.0,0.0,0.0,0.0
770.0,-0.41262939392241504,-0.09487340960388695,1.0,0.0,0.0,0.0
771.0,-0.6964552202143484,0.9402298345042213,1.0,1.0,1.0,1.0
772.0,1.1004576936739712,-0.14611166460861855,1.0,0.0,0.0,0.0
773.0,1.5797444353441152,-0.20398043208364203,1.0,0.0,0.0,0.0
774.0,-0.8162218936964334,-0.5841492216200226,1.0,0.0,0.0,0.0
775.0,-1.8107282384420298,0.052242439730992456,1.0,0.0,0.0,0.0
776.0,0.07638298716218594,-0.15600887624512433,1.0,0.0,0.0,0.0
777.0,-0.4923859527998946,1.4371801796382755,1.0,1.0,1.0,1.0
778.0,0.03271985751884632,1.3251442817067678,1.0,1.0,1.0,1.0
779.0,0.608930054516533,1.0611526317519768,1.0,1.0,1.0,1.0
780.0,-0.6550475921880534,-0.3694479823738736,1.0,0.0,0.0,0.0
781.0,0.9265249408186498,0.19082559842638033,1.0,0.0,0.0,0.0
782.0,0.0520764411469723,1.235383416059463,1.0,1.0,1.0,1.0
783.0,-1.1093587018891489,-0.5864615226562214,1.0,0.0,0.0,0.0
784.0,-0.16466112049022374,-1.3120083192567686,1.0,0.0,0.0,0.0
785.0,-0.4273958917507188,-1.1137578785409583,1.0,0.0,0.0,0.0
786.0,0.7216577250097735,-0.35793001866398055,1.0,0.0,0.0,0.0
787.0,0.41943973910699617,1.497686782023254,1.0,1.0,1.0,1.0
788.0,-0.19727484198544376,0.8808361022763949,1.0,1.0,1.0,1.0
789.0,-0.23155401051702285,1.2559239563923004,1.0,1.0,1.0,1.0
790.0,-0.704053542536438,-0.9065974063541167,1.0,0.0,0.0,0.0
791.0,-0.8843859415418929,1.005611145708532,1.0,0.0,1.0,0.0
792.0,-0.05942275608888137,1.2117113122442449,1.0,1.0,1.0,1.0
793.0,-0.36935802904395443,-1.1151408188490806,1.0,0.0,0.0,0.0
794.0,-0.656131932944124,-0.24745495548159066,1.0,0.0,0.0,0.0
795.0,-0.05180925934930558,0.8445104588831456,1.0,1.0,1.0,1.0
796.0,1.3433867440599747,-0.4716241792461788,1.0,0.0,0.0,0.0
797.0,-1.340933556408776,0.1839628919812425,1.0,0.0,0.0,0.0
798.0,-1.4176106397292743,-0.1343224897696281,1.0,0.0,0.0,0.0
799.0,-1.058953753189443,-0.6482249858825426,1.0,0.0,0.0,0.0
