N,repetition,pair_number,rho,true_tau,interval_count,chain_length_including_endpoints,effective_chain_length_minus_endpoints,asymptotic_chain_length,tau_chain_estimate,tau_chain_error
600.0,0.0,0.0,300.0,0.44766144243083067,35.0,12.0,10.0,10.965421114738419,0.408248290463863,-0.03941315196696765
600.0,0.0,1.0,300.0,0.5669659049924771,62.0,13.0,11.0,13.887771687868545,0.4490731195102493,-0.11789278548222781
600.0,0.0,2.0,300.0,0.3251544180923963,16.0,8.0,6.0,7.964624119379578,0.24494897427831783,-0.08020544381407849
600.0,0.0,3.0,300.0,0.9183461446022095,140.0,23.0,21.0,22.494794615275893,0.8573214099741123,-0.06102473462809721
600.0,0.0,4.0,300.0,0.38759620791251276,27.0,9.0,7.0,9.494129356233561,0.2857738033247041,-0.10182240458780867
600.0,0.0,5.0,300.0,0.7016144066071046,78.0,16.0,14.0,17.185972923730088,0.5715476066494082,-0.13006679995769643
600.0,0.0,6.0,300.0,0.5067946189572627,52.0,13.0,11.0,12.413882208335243,0.4490731195102493,-0.057721499447013436
600.0,0.0,7.0,300.0,0.5435881725190023,47.0,13.0,11.0,13.315136528835486,0.4490731195102493,-0.09451505300875296
600.0,0.0,8.0,300.0,0.6128495863244263,58.0,14.0,12.0,15.01168775570596,0.48989794855663565,-0.12295163776779067
600.0,0.0,9.0,300.0,0.5105355806638842,35.0,11.0,9.0,12.50551668162038,0.3674234614174767,-0.14311211924640743
600.0,0.0,10.0,300.0,1.3097513409151087,263.0,30.0,28.0,32.08222475168072,1.1430952132988164,-0.16665612761629234
600.0,0.0,11.0,300.0,0.5464522729494494,54.0,13.0,11.0,13.3852923751023,0.4490731195102493,-0.09737915343920012
600.0,0.0,12.0,300.0,0.9186657927296618,140.0,22.0,20.0,22.502624363370835,0.816496580927726,-0.10216921180193572
600.0,0.0,13.0,300.0,0.4742836195192469,29.0,9.0,7.0,11.617528611824747,0.2857738033247041,-0.18850981619454282
600.0,0.0,14.0,300.0,0.23339653830787846,11.0,7.0,5.0,5.717024265862494,0.2041241452319315,-0.02927239307594695
600.0,0.0,15.0,300.0,0.5650595699899603,43.0,12.0,10.0,13.84107620751881,0.408248290463863,-0.1568112795260973
600.0,0.0,16.0,300.0,0.30788102006861157,11.0,6.0,4.0,7.541514006556858,0.16329931618554522,-0.14458170388306635
600.0,0.0,17.0,300.0,0.9112421987645154,117.0,24.0,22.0,22.320784190648705,0.8981462390204986,-0.013095959744016783
600.0,0.0,18.0,300.0,0.8991824005587196,122.0,20.0,18.0,22.025380670597386,0.7348469228349535,-0.1643354777237661
600.0,0.0,19.0,300.0,0.8673852750807655,119.0,21.0,19.0,21.246513343515005,0.7756717518813397,-0.09171352319942572
600.0,0.0,20.0,300.0,0.44314143512996473,28.0,10.0,8.0,10.854703999530656,0.32659863237109044,-0.1165428027588743
600.0,0.0,21.0,300.0,0.4827118093302188,32.0,11.0,9.0,11.823976256746802,0.3674234614174767,-0.11528834791274206
600.0,0.0,22.0,300.0,0.2892560714235802,10.0,6.0,4.0,7.085297799898179,0.16329931618554522,-0.12595675523803496
600.0,0.0,23.0,300.0,0.8752677745445525,131.0,20.0,18.0,21.439594359355407,0.7348469228349535,-0.14042085170959906
600.0,0.0,24.0,300.0,0.5362493093565335,30.0,9.0,7.0,13.13537182843392,0.2857738033247041,-0.2504755060318294
600.0,0.0,25.0,300.0,0.856416720804541,118.0,19.0,17.0,20.97783973158728,0.6940220937885672,-0.16239462701597385
600.0,0.0,26.0,300.0,0.5884180056510209,48.0,11.0,9.0,14.413238693111097,0.3674234614174767,-0.22099454423354414
600.0,0.0,27.0,300.0,0.24026535918807695,5.0,5.0,3.0,5.885275328773105,0.12247448713915891,-0.11779087204891804
600.0,0.0,28.0,300.0,0.3717831798208996,21.0,9.0,7.0,9.106790855106073,0.2857738033247041,-0.0860093764961955
600.0,0.0,29.0,300.0,0.25177852580784243,8.0,7.0,5.0,6.1672891641937975,0.2041241452319315,-0.047654380575910926
600.0,1.0,0.0,300.0,1.1495082753775816,191.0,24.0,22.0,28.157087297817668,0.8981462390204986,-0.251362036357083
600.0,1.0,1.0,300.0,0.9571583527374419,112.0,20.0,18.0,23.44549567249607,0.7348469228349535,-0.22231142990248842
600.0,1.0,2.0,300.0,0.6670580830552103,62.0,14.0,12.0,16.33951932284347,0.48989794855663565,-0.17716013449857465
600.0,1.0,3.0,300.0,0.3823535100122836,14.0,8.0,6.0,9.365710008922338,0.24494897427831783,-0.1374045357339658
600.0,1.0,4.0,300.0,0.6178649447633463,56.0,13.0,11.0,15.134538446231117,0.4490731195102493,-0.168791825253097
600.0,1.0,5.0,300.0,1.1637531205026705,188.0,24.0,22.0,28.506013318032075,0.8981462390204986,-0.26560688148217193
600.0,1.0,6.0,300.0,0.46542169683141604,30.0,10.0,8.0,11.400456724572956,0.32659863237109044,-0.1388230644603256
600.0,1.0,7.0,300.0,0.7886900148173435,104.0,20.0,18.0,19.318881015305955,0.7348469228349535,-0.05384309198239001
600.0,1.0,8.0,300.0,0.589048521665443,49.0,13.0,11.0,14.428683118210971,0.4490731195102493,-0.13997540215519366
600.0,1.0,9.0,300.0,0.42193025091982056,29.0,9.0,7.0,10.335138217980331,0.2857738033247041,-0.13615644759511647
600.0,1.0,10.0,300.0,0.49318713560967276,45.0,13.0,11.0,12.080568299485098,0.4490731195102493,-0.04411401609942345
600.0,1.0,11.0,300.0,0.23413427020249714,5.0,4.0,2.0,5.735094932950418,0.08164965809277261,-0.15248461210972453
600.0,1.0,12.0,300.0,1.02192522731218,144.0,22.0,20.0,25.031953621925524,0.816496580927726,-0.2054286463844539
600.0,1.0,13.0,300.0,0.7650919501466232,75.0,16.0,14.0,18.74084884170132,0.5715476066494082,-0.19354434349721505
600.0,1.0,14.0,300.0,0.577567625282908,60.0,14.0,12.0,14.147459738941212,0.48989794855663565,-0.0876696767262723
600.0,1.0,15.0,300.0,0.3266362328137166,13.0,9.0,7.0,8.00092101898537,0.2857738033247041,-0.04086242948901253
600.0,1.0,16.0,300.0,0.2808604022138404,9.0,5.0,3.0,6.879646743767599,0.12247448713915891,-0.15838591507468147
600.0,1.0,17.0,300.0,0.29573495653165605,9.0,6.0,4.0,7.243997426067205,0.16329931618554522,-0.13243564034611083
600.0,1.0,18.0,300.0,0.3284401979309771,14.0,9.0,7.0,8.045108959496051,0.2857738033247041,-0.04266639460627303
600.0,1.0,19.0,300.0,0.2995498341721507,17.0,9.0,7.0,7.33744246257085,0.2857738033247041,-0.013776030847446608
600.0,1.0,20.0,300.0,0.966384416080147,117.0,21.0,19.0,23.67148714773831,0.7756717518813397,-0.19071266419880728
600.0,1.0,21.0,300.0,0.303580572010309,16.0,10.0,8.0,7.436174972475019,0.32659863237109044,0.02301806036078141
600.0,1.0,22.0,300.0,0.22999778992400055,9.0,7.0,5.0,5.633772272816396,0.2041241452319315,-0.025873644692069042
600.0,1.0,23.0,300.0,0.3790266845586709,20.0,8.0,6.0,9.284219760675795,0.24494897427831783,-0.13407771028035306
600.0,1.0,24.0,300.0,0.6329602365573417,46.0,13.0,11.0,15.504296070368223,0.4490731195102493,-0.18388711704709237
600.0,1.0,25.0,300.0,0.5949545331644075,61.0,11.0,9.0,14.573350264085702,0.3674234614174767,-0.22753107174693077
600.0,1.0,26.0,300.0,1.336844004299235,246.0,30.0,28.0,32.745856762321665,1.1430952132988164,-0.19374879100041853
600.0,1.0,27.0,300.0,1.2085833356224722,207.0,26.0,24.0,29.60412483905925,0.9797958971132713,-0.2287874385092009
600.0,1.0,28.0,300.0,0.5161028897156636,37.0,12.0,10.0,12.641887345792759,0.408248290463863,-0.10785459925180063
600.0,1.0,29.0,300.0,0.9841977822479597,155.0,23.0,21.0,24.10782372486329,0.8573214099741123,-0.1268763722738474
