N,tick_count,repetition,source_protocol,target_protocol,source_beta,target_beta,expected_relative_beta,fitted_beta,fitted_beta_error,fitted_translation_t,fitted_translation_x,transition_rmse,accessible_overlap_count,accessible_overlap_fraction,invariant_pair_count,invariant_interval_rmse,invariant_interval_mae,invariant_interval_bias
300.0,32.0,0.0,A_lab,B_moving_pos,0.0,0.3,0.3,0.2821500000000001,-0.017849999999999866,-0.06652541127854464,0.06759043233133888,0.03610675319590516,97.0,0.3233333333333333,500.0,0.07126648815356278,0.0436104292659127,0.02582058376071496
300.0,32.0,0.0,A_lab,C_moving_neg,0.0,-0.25,-0.25,-0.22799999999999998,0.02200000000000002,0.033851974965070045,-0.032532694301137206,0.03399436461178318,107.0,0.3566666666666667,500.0,0.06637969359178278,0.04261890034127712,0.0169105286208892
300.0,32.0,0.0,B_moving_pos,C_moving_neg,0.3,-0.25,-0.5116279069767442,-0.49399999999999994,0.017627906976744268,0.07104190034402505,-0.0747242586196507,0.034570988708995665,69.0,0.23,500.0,0.04907357742115822,0.03128741396606088,0.0003634985322801465
300.0,64.0,0.0,A_lab,B_moving_pos,0.0,0.3,0.3,0.2983,-0.0016999999999999793,-0.06892783833252354,0.0709050973224114,0.016234688897835872,97.0,0.3233333333333333,500.0,0.027826245679417175,0.017478167156455653,0.007591681849819159
300.0,64.0,0.0,A_lab,C_moving_neg,0.0,-0.25,-0.25,-0.23939999999999995,0.010600000000000054,0.032079544955190366,-0.027891431409418237,0.016904665208627042,107.0,0.3566666666666667,500.0,0.03570312092333916,0.02223391588626997,0.00942467584253551
300.0,64.0,0.0,B_moving_pos,C_moving_neg,0.3,-0.25,-0.5116279069767442,-0.5073,0.0043279069767442335,0.06956498566466217,-0.0696038487408671,0.013562720299727672,69.0,0.23,500.0,0.018321562738591257,0.011417737543832534,0.0024763580187493533
300.0,128.0,0.0,A_lab,B_moving_pos,0.0,0.3,0.3,0.30115000000000003,0.0011500000000000399,-0.06909761903424112,0.07041520349058229,0.008114196678268694,97.0,0.3233333333333333,500.0,0.013030506257621728,0.008484532316818985,0.0016755933311715112
300.0,128.0,0.0,A_lab,C_moving_neg,0.0,-0.25,-0.25,-0.2498499999999999,0.0001500000000000945,0.0304527833673211,-0.03230954407756722,0.007909904805963906,107.0,0.3566666666666667,500.0,0.01344684096758597,0.008839311447777692,-0.00022042572626852967
300.0,128.0,0.0,B_moving_pos,C_moving_neg,0.3,-0.25,-0.5116279069767442,-0.5120499999999999,-0.00042209302325568743,0.06951476760085507,-0.07050737070015486,0.005923942744254581,69.0,0.23,500.0,0.008713785760067129,0.005781338676805955,-0.0006874633367929965
300.0,32.0,1.0,A_lab,B_moving_pos,0.0,0.3,0.3,0.2983,-0.0016999999999999793,-0.07021846169914979,0.07350899789474034,0.03314279143592564,97.0,0.3233333333333333,500.0,0.049605377219614395,0.032758100286717065,0.016930596585656845
300.0,32.0,1.0,A_lab,C_moving_neg,0.0,-0.25,-0.25,-0.2517499999999999,-0.0017499999999999183,0.027982328130770562,-0.041092241112484704,0.03342685220130378,110.0,0.36666666666666664,500.0,0.06074668383223012,0.034721206154885054,0.0003542101238281803
300.0,32.0,1.0,B_moving_pos,C_moving_neg,0.3,-0.25,-0.5116279069767442,-0.5148999999999999,-0.0032720930232557066,0.06909886302346091,-0.06912291667103641,0.026198843861511868,68.0,0.22666666666666666,500.0,0.03333381110339633,0.02082347537539999,-0.004576306274244519
300.0,64.0,1.0,A_lab,B_moving_pos,0.0,0.3,0.3,0.30305000000000004,0.0030500000000000527,-0.0695246863176852,0.0711986676848329,0.014816587864005295,97.0,0.3233333333333333,500.0,0.022364846373115504,0.014330508428658194,0.0025074772836176855
300.0,64.0,1.0,A_lab,C_moving_neg,0.0,-0.25,-0.25,-0.25554999999999994,-0.005549999999999944,0.02998733540566607,-0.03216888421369923,0.013535313961855634,110.0,0.36666666666666664,500.0,0.020251973595038036,0.013656299177558982,0.00017962221272748845
300.0,64.0,1.0,B_moving_pos,C_moving_neg,0.3,-0.25,-0.5116279069767442,-0.5167999999999999,-0.005172093023255719,0.06853877657897783,-0.07133987556486802,0.012455607763630054,68.0,0.22666666666666666,500.0,0.013525607275140156,0.009533130504690802,-0.002726974313758377
300.0,128.0,1.0,A_lab,B_moving_pos,0.0,0.3,0.3,0.29735,-0.0026499999999999857,-0.06881324169721888,0.07111400830552504,0.007639956742851388,97.0,0.3233333333333333,500.0,0.010652663068702743,0.00696528581564178,9.407718359506234e-05
300.0,128.0,1.0,A_lab,C_moving_neg,0.0,-0.25,-0.25,-0.2517499999999999,-0.0017499999999999183,0.03091917878661818,-0.030464113588541297,0.0063661251565931155,110.0,0.36666666666666664,500.0,0.008960419452183834,0.006073367489054174,0.001445778313428648
300.0,128.0,1.0,B_moving_pos,C_moving_neg,0.3,-0.25,-0.5116279069767442,-0.5101499999999999,0.0014779069767443254,0.06919436460150212,-0.07162155324434283,0.0057554703839340655,68.0,0.22666666666666666,500.0,0.005781274047305459,0.004214159487109032,-0.0007923742859462324
300.0,32.0,2.0,A_lab,B_moving_pos,0.0,0.3,0.3,0.2983,-0.0016999999999999793,-0.07181715382837153,0.07667211197721287,0.031143586459193972,96.0,0.32,500.0,0.05589543183335931,0.036398432051447896,0.0091777873464134
300.0,32.0,2.0,A_lab,C_moving_neg,0.0,-0.25,-0.25,-0.24795,0.0020499999999999963,0.030675704537038988,-0.027528398301173665,0.03550537560855731,98.0,0.32666666666666666,500.0,0.08309932229186744,0.043207785089904145,0.003841745691792715
300.0,32.0,2.0,B_moving_pos,C_moving_neg,0.3,-0.25,-0.5116279069767442,-0.5015999999999999,0.010027906976744272,0.07014921955521555,-0.06688214403901442,0.03647373411282821,58.0,0.19333333333333333,500.0,0.046878884465435415,0.031715263741804084,0.004722967700466908
300.0,64.0,2.0,A_lab,B_moving_pos,0.0,0.3,0.3,0.30115000000000003,0.0011500000000000399,-0.06937001755038956,0.07458029688045753,0.015778103001893886,96.0,0.32,500.0,0.02583632237783188,0.01641177828929802,0.0002994198351962418
300.0,64.0,2.0,A_lab,C_moving_neg,0.0,-0.25,-0.25,-0.24605,0.003950000000000009,0.031559876146487365,-0.030460942540972466,0.013362421723158574,98.0,0.32666666666666666,500.0,0.023398386234140346,0.015365379641304053,0.0016440588628288085
300.0,64.0,2.0,B_moving_pos,C_moving_neg,0.3,-0.25,-0.5116279069767442,-0.5091999999999999,0.0024279069767443318,0.06778656342391169,-0.07567018823151252,0.014982570905974057,58.0,0.19333333333333333,500.0,0.017192985834968835,0.01196500043216771,0.0006455238771764174
300.0,128.0,2.0,A_lab,B_moving_pos,0.0,0.3,0.3,0.2983,-0.0016999999999999793,-0.06846489658765219,0.06941106581409132,0.00814629402691062,96.0,0.32,500.0,0.014540243056692496,0.009153370596204134,-0.0012254293177914285
300.0,128.0,2.0,A_lab,C_moving_neg,0.0,-0.25,-0.25,-0.2526999999999999,-0.0026999999999999247,0.03028909924594876,-0.03226628250259256,0.007120432638531057,98.0,0.32666666666666666,500.0,0.011857536500193227,0.0074037725972714305,0.0018455025059462555
300.0,128.0,2.0,B_moving_pos,C_moving_neg,0.3,-0.25,-0.5116279069767442,-0.5139499999999999,-0.0023220930232557002,0.06783729032105072,-0.072602747524182,0.00633272047971148,58.0,0.19333333333333333,500.0,0.006690541137400032,0.004909188068582747,-0.0004070377592476915
300.0,32.0,3.0,A_lab,B_moving_pos,0.0,0.3,0.3,0.3002,0.00020000000000003348,-0.07014551767095335,0.07768754611004271,0.0300203277040033,83.0,0.27666666666666667,500.0,0.047337979772661035,0.02969850648770982,0.00800938230223722
300.0,32.0,3.0,A_lab,C_moving_neg,0.0,-0.25,-0.25,-0.24319999999999997,0.006800000000000028,0.030268154614501393,-0.034295465795473386,0.032757006507025274,97.0,0.3233333333333333,500.0,0.0629328707130825,0.03671204437208827,0.012388965236377381
300.0,32.0,3.0,B_moving_pos,C_moving_neg,0.3,-0.25,-0.5116279069767442,-0.50445,0.007177906976744253,0.0662626252672298,-0.08241307877329487,0.028861417570862444,53.0,0.17666666666666667,500.0,0.036761110642789536,0.02360384753010781,0.0026204195043485444
300.0,64.0,3.0,A_lab,B_moving_pos,0.0,0.3,0.3,0.30305000000000004,0.0030500000000000527,-0.06763507194250766,0.07234220683872199,0.015589817482066122,83.0,0.27666666666666667,500.0,0.02472338200088219,0.015823849684174274,0.008639729445610908
300.0,64.0,3.0,A_lab,C_moving_neg,0.0,-0.25,-0.25,-0.24605,0.003950000000000009,0.03130382866515068,-0.03414667034267665,0.013521097252794496,97.0,0.3233333333333333,500.0,0.023399583444015708,0.014887775418357244,0.00526125006694506
300.0,64.0,3.0,B_moving_pos,C_moving_neg,0.3,-0.25,-0.5116279069767442,-0.5225,-0.010872093023255758,0.06490752163996201,-0.0759626041927279,0.01146031426514638,53.0,0.17666666666666667,500.0,0.015425592722441055,0.010571868187483954,-0.006519863933504433
300.0,128.0,3.0,A_lab,B_moving_pos,0.0,0.3,0.3,0.30115000000000003,0.0011500000000000399,-0.06851496046547764,0.06987327039071552,0.006825444423163996,83.0,0.27666666666666667,500.0,0.009713731664243896,0.005897238489482948,0.001293087272711744
300.0,128.0,3.0,A_lab,C_moving_neg,0.0,-0.25,-0.25,-0.2526999999999999,-0.0026999999999999247,0.029545571704626235,-0.03266437840392068,0.008157111329987957,97.0,0.3233333333333333,500.0,0.015494521264192122,0.009192967105716036,0.0008270944441863785
300.0,128.0,3.0,B_moving_pos,C_moving_neg,0.3,-0.25,-0.5116279069767442,-0.5139499999999999,-0.0023220930232557002,0.06851248106989749,-0.07210548658779907,0.0059428593023834325,53.0,0.17666666666666667,500.0,0.0063090201371152664,0.004195937883653157,-0.0006824655605257259
300.0,32.0,4.0,A_lab,B_moving_pos,0.0,0.3,0.3,0.28974999999999995,-0.010250000000000037,-0.06831378861205242,0.06614511011106453,0.03467248683577554,88.0,0.29333333333333333,500.0,0.053870652375746134,0.03594762125915753,0.007426431913498381
300.0,32.0,4.0,A_lab,C_moving_neg,0.0,-0.25,-0.25,-0.25364999999999993,-0.003649999999999931,0.02785546069909422,-0.03966355607794068,0.030455632212768168,92.0,0.30666666666666664,500.0,0.05551761165143058,0.035746440054991925,0.006163448853093174
300.0,32.0,4.0,B_moving_pos,C_moving_neg,0.3,-0.25,-0.5116279069767442,-0.5129999999999999,-0.0013720930232556938,0.06615304921115804,-0.07405852981966057,0.0321874306215579,56.0,0.18666666666666668,500.0,0.04176777356579509,0.028745144219646992,-0.0072269725404929715
300.0,64.0,4.0,A_lab,B_moving_pos,0.0,0.3,0.3,0.2983,-0.0016999999999999793,-0.06860308883263082,0.06880110504948776,0.016582413599463303,88.0,0.29333333333333333,500.0,0.02714086635164504,0.017368395490452125,0.0038171488157867756
300.0,64.0,4.0,A_lab,C_moving_neg,0.0,-0.25,-0.25,-0.24509999999999998,0.0049000000000000155,0.032795137628226875,-0.030298299159296892,0.015028654533605372,92.0,0.30666666666666664,500.0,0.02484309168235568,0.01618337585566401,0.0023819077387019112
300.0,64.0,4.0,B_moving_pos,C_moving_neg,0.3,-0.25,-0.5116279069767442,-0.4997,0.01192790697674423,0.07264595900797045,-0.06966114122004322,0.014420311911484587,56.0,0.18666666666666668,500.0,0.01781089677250166,0.01140726580028258,0.0006590186587252584
300.0,128.0,4.0,A_lab,B_moving_pos,0.0,0.3,0.3,0.29735,-0.0026499999999999857,-0.06856221478036763,0.06791544155541517,0.006697971206940196,88.0,0.29333333333333333,500.0,0.010054428374809282,0.006544602524401994,0.0029682271298312832
300.0,128.0,4.0,A_lab,C_moving_neg,0.0,-0.25,-0.25,-0.2498499999999999,0.0001500000000000945,0.030892542120234668,-0.03310620147634384,0.006592475971058354,92.0,0.30666666666666664,500.0,0.010738365836969873,0.0071022533861004565,0.001965396924234618
300.0,128.0,4.0,B_moving_pos,C_moving_neg,0.3,-0.25,-0.5116279069767442,-0.5129999999999999,-0.0013720930232556938,0.07010534042005381,-0.06977862637209634,0.00603111988168981,56.0,0.18666666666666668,500.0,0.007345122148568402,0.0048464791291788455,-0.002523173799594545
600.0,32.0,0.0,A_lab,B_moving_pos,0.0,0.3,0.3,0.29259999999999997,-0.007400000000000018,-0.0694637015050152,0.06834694234923225,0.030572315218563715,195.0,0.325,500.0,0.049803682691669036,0.03193206132586234,0.009375842085397391
600.0,32.0,0.0,A_lab,C_moving_neg,0.0,-0.25,-0.25,-0.2526999999999999,-0.0026999999999999247,0.031238546258899515,-0.026612424443862286,0.0289410401994149,229.0,0.38166666666666665,500.0,0.05014545454528579,0.030956265391907437,0.01123400747727677
600.0,32.0,0.0,B_moving_pos,C_moving_neg,0.3,-0.25,-0.5116279069767442,-0.5129999999999999,-0.0013720930232556938,0.06917121741179451,-0.06921730952152337,0.030921790698703138,137.0,0.22833333333333333,500.0,0.03925280253340502,0.025231528540795158,-0.009622029300733803
600.0,64.0,0.0,A_lab,B_moving_pos,0.0,0.3,0.3,0.3002,0.00020000000000003348,-0.06817067312966431,0.06780647867016097,0.01624396890566731,195.0,0.325,500.0,0.026086719922523607,0.01690812021436138,0.00441390857666097
600.0,64.0,0.0,A_lab,C_moving_neg,0.0,-0.25,-0.25,-0.2498499999999999,0.0001500000000000945,0.030294744742969924,-0.03203272724118395,0.015065409387420185,229.0,0.38166666666666665,500.0,0.025739726699848624,0.015228136878202873,0.0016037226465101214
600.0,64.0,0.0,B_moving_pos,C_moving_neg,0.3,-0.25,-0.5116279069767442,-0.50635,0.00527790697674424,0.06989366669525221,-0.07098941655508187,0.014615717651502191,137.0,0.22833333333333333,500.0,0.01728579573853252,0.010935028974341426,0.0031153750637822647
600.0,128.0,0.0,A_lab,B_moving_pos,0.0,0.3,0.3,0.29925,-0.0007499999999999729,-0.06844808272948195,0.06935295444657377,0.00832901382175951,195.0,0.325,500.0,0.014390228501935042,0.008699687506371973,0.0036561165166536865
600.0,128.0,0.0,A_lab,C_moving_neg,0.0,-0.25,-0.25,-0.2498499999999999,0.0001500000000000945,0.030548438422037045,-0.03197524366254178,0.006816455006468401,229.0,0.38166666666666665,500.0,0.01125429582110583,0.006964596591099695,0.0016890248152085507
600.0,128.0,0.0,B_moving_pos,C_moving_neg,0.3,-0.25,-0.5116279069767442,-0.5120499999999999,-0.00042209302325568743,0.06861092109625595,-0.07161136253004198,0.006183251847347408,137.0,0.22833333333333333,500.0,0.00612244470424134,0.004432786101759032,9.025410690964297e-05
600.0,32.0,1.0,A_lab,B_moving_pos,0.0,0.3,0.3,0.29545,-0.0045499999999999985,-0.06893529537024691,0.07088636616514665,0.0291006012819901,174.0,0.29,500.0,0.04668679100459868,0.028876927033522088,0.010456451358468871
600.0,32.0,1.0,A_lab,C_moving_neg,0.0,-0.25,-0.25,-0.2498499999999999,0.0001500000000000945,0.029212951010577987,-0.037472354268159175,0.03333225132654524,209.0,0.34833333333333333,500.0,0.0578988287446925,0.03585613750569686,0.004853139037407048
600.0,32.0,1.0,B_moving_pos,C_moving_neg,0.3,-0.25,-0.5116279069767442,-0.5035,0.008127906976744259,0.07004256219634696,-0.07342611179567089,0.028495958998531058,122.0,0.20333333333333334,500.0,0.03541861785042556,0.022357229206879187,0.00017446431777685988
600.0,64.0,1.0,A_lab,B_moving_pos,0.0,0.3,0.3,0.29735,-0.0026499999999999857,-0.06846581248406648,0.06777732496492836,0.015123241505888138,174.0,0.29,500.0,0.024185195802325712,0.014849265377401525,0.005225814722809354
600.0,64.0,1.0,A_lab,C_moving_neg,0.0,-0.25,-0.25,-0.247,0.0030000000000000027,0.031641133928820835,-0.03270816308236683,0.015010314668715564,209.0,0.34833333333333333,500.0,0.025402776108376206,0.01585251247734319,0.003434663717010723
600.0,64.0,1.0,B_moving_pos,C_moving_neg,0.3,-0.25,-0.5116279069767442,-0.5148999999999999,-0.0032720930232557066,0.06911008365781066,-0.07128694906819644,0.01116433474793011,122.0,0.20333333333333334,500.0,0.012058546482237606,0.008102951096152673,-0.0023961296706730196
600.0,128.0,1.0,A_lab,B_moving_pos,0.0,0.3,0.3,0.29925,-0.0007499999999999729,-0.0681276331737142,0.0683826221130972,0.007484514779948115,174.0,0.29,500.0,0.011450585524737872,0.007112475859591472,0.001106303638821236
600.0,128.0,1.0,A_lab,C_moving_neg,0.0,-0.25,-0.25,-0.2517499999999999,-0.0017499999999999183,0.030326328788854263,-0.030756517787906883,0.007110430029591537,209.0,0.34833333333333333,500.0,0.013455919351635261,0.008145204478512455,-0.0010646407797518477
600.0,128.0,1.0,B_moving_pos,C_moving_neg,0.3,-0.25,-0.5116279069767442,-0.5120499999999999,-0.00042209302325568743,0.06841018771684163,-0.07095090235004424,0.005692161389212048,122.0,0.20333333333333334,500.0,0.006264408190643623,0.0043269350135856895,-0.0011707892622396486
600.0,32.0,2.0,A_lab,B_moving_pos,0.0,0.3,0.3,0.2983,-0.0016999999999999793,-0.06919219991310849,0.06871491135007896,0.03129095236096007,188.0,0.31333333333333335,500.0,0.04697574522449522,0.030403686691527057,0.0033068512645584034
600.0,32.0,2.0,A_lab,C_moving_neg,0.0,-0.25,-0.25,-0.24509999999999998,0.0049000000000000155,0.03003351028982484,-0.03652302451469751,0.03184623396489497,201.0,0.335,500.0,0.05193992778174081,0.032409879030791434,-0.004658168317280305
600.0,32.0,2.0,B_moving_pos,C_moving_neg,0.3,-0.25,-0.5116279069767442,-0.5054,0.006227906976744246,0.06764498924144918,-0.07693348076820415,0.032080649592698886,119.0,0.19833333333333333,500.0,0.038697427383994114,0.02576452790805802,-0.006256184283915093
600.0,64.0,2.0,A_lab,B_moving_pos,0.0,0.3,0.3,0.2945,-0.005500000000000005,-0.06893468430245808,0.0682032527788112,0.016830616710064156,188.0,0.31333333333333335,500.0,0.024599496666031086,0.015416511008928798,0.001172346086044152
600.0,64.0,2.0,A_lab,C_moving_neg,0.0,-0.25,-0.25,-0.2507999999999999,-0.0007999999999999119,0.030956644483895523,-0.032601287383746305,0.013386342843530801,201.0,0.335,500.0,0.017846024728521332,0.011985862657294778,0.0017516321997839259
600.0,64.0,2.0,B_moving_pos,C_moving_neg,0.3,-0.25,-0.5116279069767442,-0.5148999999999999,-0.0032720930232557066,0.06947604216327403,-0.0705027520755159,0.012809407747367357,119.0,0.19833333333333333,500.0,0.01533168569382451,0.01066418978833909,-0.0038320081933299653
600.0,128.0,2.0,A_lab,B_moving_pos,0.0,0.3,0.3,0.29925,-0.0007499999999999729,-0.06878264253151518,0.06850225349921114,0.00789113057076721,188.0,0.31333333333333335,500.0,0.011381450966292912,0.007113057435504852,0.0008276236085588354
600.0,128.0,2.0,A_lab,C_moving_neg,0.0,-0.25,-0.25,-0.2507999999999999,-0.0007999999999999119,0.030868705995132518,-0.031770189092233544,0.007245259631195662,201.0,0.335,500.0,0.011210942803822682,0.00663581182539356,0.0016211516472602874
600.0,128.0,2.0,B_moving_pos,C_moving_neg,0.3,-0.25,-0.5116279069767442,-0.5110999999999999,0.000527906976744319,0.07005110352478593,-0.06954187748337746,0.006112688176993586,119.0,0.19833333333333333,500.0,0.006938327608058235,0.004681314775047442,-0.0013612641547520359
600.0,32.0,3.0,A_lab,B_moving_pos,0.0,0.3,0.3,0.3002,0.00020000000000003348,-0.0678934564017707,0.07122507561728274,0.03316321737360083,178.0,0.2966666666666667,500.0,0.05108794603244795,0.032095252935876686,0.001988207242603408
600.0,32.0,3.0,A_lab,C_moving_neg,0.0,-0.25,-0.25,-0.247,0.0030000000000000027,0.031488575105742,-0.03358753465368391,0.033127858266062175,208.0,0.3466666666666667,500.0,0.058824652298941675,0.034297418522515714,-0.0037148672290617246
600.0,32.0,3.0,B_moving_pos,C_moving_neg,0.3,-0.25,-0.5116279069767442,-0.5110999999999999,0.000527906976744319,0.06505256536578796,-0.07904899363965437,0.027261016685871154,112.0,0.18666666666666668,500.0,0.03190475660094552,0.021068318500879184,-0.0021855088740614097
600.0,64.0,3.0,A_lab,B_moving_pos,0.0,0.3,0.3,0.2983,-0.0016999999999999793,-0.06868454557229865,0.06813947838607472,0.014765745573464517,178.0,0.2966666666666667,500.0,0.018532189834055652,0.012266969814455056,0.0009117533837381035
600.0,64.0,3.0,A_lab,C_moving_neg,0.0,-0.25,-0.25,-0.2526999999999999,-0.0026999999999999247,0.029179648809313025,-0.03321804409818984,0.013936701809459613,208.0,0.3466666666666667,500.0,0.020777549809647237,0.013816996044167654,0.0005590955020984224
600.0,64.0,3.0,B_moving_pos,C_moving_neg,0.3,-0.25,-0.5116279069767442,-0.5035,0.008127906976744259,0.06956941307561951,-0.06919238961549255,0.013733561982709943,112.0,0.18666666666666668,500.0,0.015308963181633082,0.009995867278922925,0.0025025365704974874
600.0,128.0,3.0,A_lab,B_moving_pos,0.0,0.3,0.3,0.29925,-0.0007499999999999729,-0.06821759673356252,0.06877312074521433,0.008476810751096462,178.0,0.2966666666666667,500.0,0.012589179712433049,0.007977866825003569,0.0022760333231643276
600.0,128.0,3.0,A_lab,C_moving_neg,0.0,-0.25,-0.25,-0.2526999999999999,-0.0026999999999999247,0.03000974101572939,-0.033014947628043176,0.00682369971551021,208.0,0.3466666666666667,500.0,0.011140027995527676,0.006933816508480433,0.001647781534358866
600.0,128.0,3.0,B_moving_pos,C_moving_neg,0.3,-0.25,-0.5116279069767442,-0.5120499999999999,-0.00042209302325568743,0.06906816344878962,-0.07079093283479974,0.006211256733474134,112.0,0.18666666666666668,500.0,0.0059548627616422215,0.004114726418670867,0.00041391048615057
600.0,32.0,4.0,A_lab,B_moving_pos,0.0,0.3,0.3,0.3002,0.00020000000000003348,-0.06979365706806769,0.07110931759780262,0.03257308796108568,188.0,0.31333333333333335,500.0,0.048969586613641196,0.032160134967825556,0.005434624212556249
600.0,32.0,4.0,A_lab,C_moving_neg,0.0,-0.25,-0.25,-0.2507999999999999,-0.0007999999999999119,0.028919821343460345,-0.03572014704566146,0.029657886291781434,210.0,0.35,500.0,0.04868791626499382,0.03005624133261164,0.00812624604391455
600.0,32.0,4.0,B_moving_pos,C_moving_neg,0.3,-0.25,-0.5116279069767442,-0.5091999999999999,0.0024279069767443318,0.06852797380796027,-0.07043692847404745,0.02826450690606315,114.0,0.19,500.0,0.02538803410328349,0.017089858212000195,-0.0007083808696456752
600.0,64.0,4.0,A_lab,B_moving_pos,0.0,0.3,0.3,0.30495000000000005,0.0049500000000000655,-0.06842328735426478,0.07220838189107517,0.014544942995779735,188.0,0.31333333333333335,500.0,0.022449040451222115,0.014305347583802178,0.0035179493624686044
600.0,64.0,4.0,A_lab,C_moving_neg,0.0,-0.25,-0.25,-0.2489,0.0010999999999999899,0.03029303686478912,-0.031996178414229824,0.015147977981559336,210.0,0.35,500.0,0.02142206574977751,0.01400943097699431,0.002420013993076615
600.0,64.0,4.0,B_moving_pos,C_moving_neg,0.3,-0.25,-0.5116279069767442,-0.5139499999999999,-0.0023220930232557002,0.06612865100155703,-0.0745402500369247,0.013035830833894679,114.0,0.19,500.0,0.013443417966592356,0.009327168134339349,0.0017907138036180707
600.0,128.0,4.0,A_lab,B_moving_pos,0.0,0.3,0.3,0.30210000000000004,0.0021000000000000463,-0.06854313874357575,0.06882176616997755,0.007472395347176733,188.0,0.31333333333333335,500.0,0.012521947935088462,0.007322508721649959,0.002630191654376958
600.0,128.0,4.0,A_lab,C_moving_neg,0.0,-0.25,-0.25,-0.2507999999999999,-0.0007999999999999119,0.030319869053301633,-0.03139684891660558,0.00699544862929462,210.0,0.35,500.0,0.010288239897586541,0.0064577172693340255,-0.0006579256312016624
600.0,128.0,4.0,B_moving_pos,C_moving_neg,0.3,-0.25,-0.5116279069767442,-0.5129999999999999,-0.0013720930232556938,0.06902576126485202,-0.06936578706577595,0.0063287577205509305,114.0,0.19,500.0,0.0061435987144449885,0.00437683184381504,-2.688241961142368e-07
1200.0,32.0,0.0,A_lab,B_moving_pos,0.0,0.3,0.3,0.29355,-0.006450000000000011,-0.06930013059067872,0.07173065540846889,0.03447929127859952,342.0,0.285,500.0,0.062481976991340775,0.037716438990962636,0.006615857445323417
1200.0,32.0,0.0,A_lab,C_moving_neg,0.0,-0.25,-0.25,-0.24509999999999998,0.0049000000000000155,0.031425385623262296,-0.03289741922710869,0.03429062326289965,399.0,0.3325,500.0,0.06519792209220372,0.03940863794198479,0.007985407419976703
1200.0,32.0,0.0,B_moving_pos,C_moving_neg,0.3,-0.25,-0.5116279069767442,-0.5110999999999999,0.000527906976744319,0.06764876999899828,-0.07454916476353202,0.029463213737649863,221.0,0.18416666666666667,500.0,0.03373383917704372,0.022181762200512652,-0.005394904888381996
1200.0,64.0,0.0,A_lab,B_moving_pos,0.0,0.3,0.3,0.2983,-0.0016999999999999793,-0.06826671260255349,0.0705133947651882,0.01674806941722405,342.0,0.285,500.0,0.02630708120876449,0.01603536924227334,0.0033399583987410823
1200.0,64.0,0.0,A_lab,C_moving_neg,0.0,-0.25,-0.25,-0.2498499999999999,0.0001500000000000945,0.03083659847033363,-0.03302737698300129,0.014437518373998095,399.0,0.3325,500.0,0.0236951193376633,0.015478376328443058,0.005544047355565637
1200.0,64.0,0.0,B_moving_pos,C_moving_neg,0.3,-0.25,-0.5116279069767442,-0.5186999999999999,-0.007072093023255732,0.06623327267478561,-0.07464729520261082,0.012739125409969503,221.0,0.18416666666666667,500.0,0.014778578745343128,0.01006760889270366,-0.002184140053048259
1200.0,128.0,0.0,A_lab,B_moving_pos,0.0,0.3,0.3,0.3002,0.00020000000000003348,-0.06809417239876749,0.0689225157204153,0.00826889819223767,342.0,0.285,500.0,0.013701144875916059,0.008378822175380333,-0.0008310552799933288
1200.0,128.0,0.0,A_lab,C_moving_neg,0.0,-0.25,-0.25,-0.2498499999999999,0.0001500000000000945,0.031110105501112904,-0.03074289111442349,0.0077502504493612775,399.0,0.3325,500.0,0.014182022605598022,0.008508155139677707,0.002819647903878967
1200.0,128.0,0.0,B_moving_pos,C_moving_neg,0.3,-0.25,-0.5116279069767442,-0.5129999999999999,-0.0013720930232556938,0.06850767759935694,-0.07132678245481594,0.005935396831871811,221.0,0.18416666666666667,500.0,0.0060039087905372455,0.004342464842769814,-0.0004699432899292616
1200.0,32.0,1.0,A_lab,B_moving_pos,0.0,0.3,0.3,0.29925,-0.0007499999999999729,-0.06998265947981354,0.07448739462775221,0.03200156300432667,360.0,0.3,500.0,0.06036172492228459,0.03651637646158149,0.009148245641692416
1200.0,32.0,1.0,A_lab,C_moving_neg,0.0,-0.25,-0.25,-0.2517499999999999,-0.0017499999999999183,0.030056500601438534,-0.0337831525181573,0.029969864757807666,411.0,0.3425,500.0,0.05627814739583005,0.0337149534054734,0.005912093819848594
1200.0,32.0,1.0,B_moving_pos,C_moving_neg,0.3,-0.25,-0.5116279069767442,-0.5073,0.0043279069767442335,0.06825489802134224,-0.07542642180138168,0.03164544157075877,226.0,0.18833333333333332,500.0,0.045746664738149805,0.027754142401008066,8.906907267068887e-06
1200.0,64.0,1.0,A_lab,B_moving_pos,0.0,0.3,0.3,0.30115000000000003,0.0011500000000000399,-0.06921521019051398,0.07199945273111148,0.015567031918182017,360.0,0.3,500.0,0.024167380585683285,0.015236532775973192,0.004104946366428953
1200.0,64.0,1.0,A_lab,C_moving_neg,0.0,-0.25,-0.25,-0.25459999999999994,-0.0045999999999999375,0.030312492432760837,-0.03090589146024812,0.014716144147111747,411.0,0.3425,500.0,0.023964367209105313,0.014451363636664357,-0.0004807894416746565
1200.0,64.0,1.0,B_moving_pos,C_moving_neg,0.3,-0.25,-0.5116279069767442,-0.5148999999999999,-0.0032720930232557066,0.06796653230682959,-0.07232285127849111,0.013037851968458119,226.0,0.18833333333333332,500.0,0.015412929234842086,0.01074153900560424,-0.0017677195633983872
1200.0,128.0,1.0,A_lab,B_moving_pos,0.0,0.3,0.3,0.30115000000000003,0.0011500000000000399,-0.06868087060737219,0.06976397632990379,0.007679465875165542,360.0,0.3,500.0,0.012199236819060254,0.007659477744225107,0.001255664454377347
1200.0,128.0,1.0,A_lab,C_moving_neg,0.0,-0.25,-0.25,-0.2498499999999999,0.0001500000000000945,0.030909724635245918,-0.030988111637187517,0.007316171846474079,411.0,0.3425,500.0,0.012965419713515194,0.0076669820546467265,0.0018717504042856654
1200.0,128.0,1.0,B_moving_pos,C_moving_neg,0.3,-0.25,-0.5116279069767442,-0.5110999999999999,0.000527906976744319,0.06945398557353456,-0.07080501478279909,0.006168256131317425,226.0,0.18833333333333332,500.0,0.006944989952397896,0.004838045971099332,0.00012999132257085776
1200.0,32.0,2.0,A_lab,B_moving_pos,0.0,0.3,0.3,0.30115000000000003,0.0011500000000000399,-0.06863849895003975,0.07170723745183362,0.033151478959567264,368.0,0.30666666666666664,500.0,0.05348364244052328,0.03402575563274035,0.009352173454147785
1200.0,32.0,2.0,A_lab,C_moving_neg,0.0,-0.25,-0.25,-0.2507999999999999,-0.0007999999999999119,0.03100537995676328,-0.03326172011158689,0.03222634971782218,447.0,0.3725,500.0,0.061670299208054426,0.03847640620901311,0.001977192441723968
1200.0,32.0,2.0,B_moving_pos,C_moving_neg,0.3,-0.25,-0.5116279069767442,-0.5177499999999999,-0.006122093023255726,0.06610793488443488,-0.07726719140599128,0.030746614121031027,251.0,0.20916666666666667,500.0,0.03485670996082717,0.02263870671287669,-0.007031804922142383
1200.0,64.0,2.0,A_lab,B_moving_pos,0.0,0.3,0.3,0.30305000000000004,0.0030500000000000527,-0.06851966479915488,0.07091343442453332,0.015237899840717432,368.0,0.30666666666666664,500.0,0.0223326737735477,0.014168098050358737,0.004126693009915743
1200.0,64.0,2.0,A_lab,C_moving_neg,0.0,-0.25,-0.25,-0.24795,0.0020499999999999963,0.031097285098494184,-0.03160591629546185,0.014561672333690084,447.0,0.3725,500.0,0.02295473907956845,0.014850211848444192,0.005344641924012999
1200.0,64.0,2.0,B_moving_pos,C_moving_neg,0.3,-0.25,-0.5116279069767442,-0.5139499999999999,-0.0023220930232557002,0.06765364697072321,-0.07371998633674526,0.013478742925530156,251.0,0.20916666666666667,500.0,0.0140297285710453,0.009478811131766036,-0.00041868635245713215
1200.0,128.0,2.0,A_lab,B_moving_pos,0.0,0.3,0.3,0.30115000000000003,0.0011500000000000399,-0.06834574560477773,0.06838654278660122,0.00775168279441643,368.0,0.30666666666666664,500.0,0.01246307459683438,0.007692609805466102,0.002034622227567385
1200.0,128.0,2.0,A_lab,C_moving_neg,0.0,-0.25,-0.25,-0.2507999999999999,-0.0007999999999999119,0.03078336370932219,-0.03134584181296935,0.006953750597249536,447.0,0.3725,500.0,0.011413898133423911,0.007101696553242212,0.0015803556621772831
1200.0,128.0,2.0,B_moving_pos,C_moving_neg,0.3,-0.25,-0.5116279069767442,-0.5158499999999999,-0.004222093023255713,0.06896384279597928,-0.0703860081409171,0.006731094825186637,251.0,0.20916666666666667,500.0,0.008356627308574296,0.005521797368796861,-0.0017251450716557495
1200.0,32.0,3.0,A_lab,B_moving_pos,0.0,0.3,0.3,0.29545,-0.0045499999999999985,-0.06960307654273717,0.06993677967683222,0.030522652217747283,375.0,0.3125,500.0,0.052360334080808334,0.03397892179799004,0.008268890455736928
1200.0,32.0,3.0,A_lab,C_moving_neg,0.0,-0.25,-0.25,-0.24795,0.0020499999999999963,0.031075868514552085,-0.031908366720114024,0.0319835312726172,436.0,0.36333333333333334,500.0,0.05536107405069137,0.03592253791272895,0.004593319895970501
1200.0,32.0,3.0,B_moving_pos,C_moving_neg,0.3,-0.25,-0.5116279069767442,-0.5073,0.0043279069767442335,0.07228717820034225,-0.06881461252751472,0.028846723447748683,240.0,0.2,500.0,0.03558260852081143,0.023024081004099816,-0.0008888858172416312
1200.0,64.0,3.0,A_lab,B_moving_pos,0.0,0.3,0.3,0.3002,0.00020000000000003348,-0.06814058315535773,0.06761302882087789,0.01675146396229002,375.0,0.3125,500.0,0.028759184592295834,0.018184202036412984,0.005790156297487091
1200.0,64.0,3.0,A_lab,C_moving_neg,0.0,-0.25,-0.25,-0.2489,0.0010999999999999899,0.03058304395992605,-0.03215373946980286,0.01471614587431901,436.0,0.36333333333333334,500.0,0.02374860767727699,0.014853272523383157,0.004886878166298019
1200.0,64.0,3.0,B_moving_pos,C_moving_neg,0.3,-0.25,-0.5116279069767442,-0.50825,0.003377906976744227,0.06946274980060083,-0.07064610104570361,0.013893786704763036,240.0,0.2,500.0,0.01519284084471912,0.010038744745757552,0.000974425582027605
1200.0,128.0,3.0,A_lab,B_moving_pos,0.0,0.3,0.3,0.3002,0.00020000000000003348,-0.06838011013715962,0.06908496533778395,0.007681345581754069,375.0,0.3125,500.0,0.014372156474259866,0.009092373856845465,0.00014020905870547562
1200.0,128.0,3.0,A_lab,C_moving_neg,0.0,-0.25,-0.25,-0.2498499999999999,0.0001500000000000945,0.030996766396210598,-0.030989115031353875,0.007519200151177322,436.0,0.36333333333333334,500.0,0.014831347847393397,0.00869027779748254,0.00093056494777157
1200.0,128.0,3.0,B_moving_pos,C_moving_neg,0.3,-0.25,-0.5116279069767442,-0.5120499999999999,-0.00042209302325568743,0.06902111388028902,-0.0710586887786711,0.006361218074944409,240.0,0.2,500.0,0.0071894768948144614,0.0048994943637587504,0.00022329776818042656
1200.0,32.0,4.0,A_lab,B_moving_pos,0.0,0.3,0.3,0.29355,-0.006450000000000011,-0.0682998861917681,0.0702270555371394,0.03194244835577348,386.0,0.32166666666666666,500.0,0.05323049872239834,0.03156599887104257,0.0127248192144729
1200.0,32.0,4.0,A_lab,C_moving_neg,0.0,-0.25,-0.25,-0.23939999999999995,0.010600000000000054,0.03193807589302373,-0.03205567622363396,0.031879117643635733,447.0,0.3725,500.0,0.05273596881942394,0.031072228558346352,0.00046619528362741504
1200.0,32.0,4.0,B_moving_pos,C_moving_neg,0.3,-0.25,-0.5116279069767442,-0.5148999999999999,-0.0032720930232557066,0.06752490969389265,-0.07203639516316382,0.029057605888417236,267.0,0.2225,500.0,0.03519056130977363,0.02234793006684399,-0.003253594039244477
1200.0,64.0,4.0,A_lab,B_moving_pos,0.0,0.3,0.3,0.2983,-0.0016999999999999793,-0.06839388728569092,0.0683729271810744,0.01604803207045594,386.0,0.32166666666666666,500.0,0.026601236799669806,0.015974333675913006,0.004308723876294128
1200.0,64.0,4.0,A_lab,C_moving_neg,0.0,-0.25,-0.25,-0.2489,0.0010999999999999899,0.030276802126865197,-0.032067820372426066,0.015079096879033313,447.0,0.3725,500.0,0.025544869052304183,0.015476674193603285,0.001875671816731972
1200.0,64.0,4.0,B_moving_pos,C_moving_neg,0.3,-0.25,-0.5116279069767442,-0.5120499999999999,-0.00042209302325568743,0.06847067181857767,-0.07129988855208855,0.013825551533639542,267.0,0.2225,500.0,0.01595456105633514,0.010175782710126691,-1.0863665380823145e-05
1200.0,128.0,4.0,A_lab,B_moving_pos,0.0,0.3,0.3,0.2983,-0.0016999999999999793,-0.06819449526066924,0.06855203434539396,0.007952920565706909,386.0,0.32166666666666666,500.0,0.011535778986629134,0.007032914364435449,0.0027204968472044804
1200.0,128.0,4.0,A_lab,C_moving_neg,0.0,-0.25,-0.25,-0.2489,0.0010999999999999899,0.03075690932047436,-0.03167975193727638,0.007212057517108133,447.0,0.3725,500.0,0.011830769809735004,0.007322663159074956,0.0005364035034089616
1200.0,128.0,4.0,B_moving_pos,C_moving_neg,0.3,-0.25,-0.5116279069767442,-0.5129999999999999,-0.0013720930232556938,0.06871448918927978,-0.07150063266763859,0.005838837662042608,267.0,0.2225,500.0,0.006014610002832211,0.004295499507955101,-0.0006558996025429513
