n,sample_index,chain_seed,score_seed,code_version,status,truth,restricted,eligible,eligible_floor_met,mix_matched
600.0,0.0,43000.0,43150.0,ce27fce,ok,0.09749705150045866,0.001634397787276842,15908.0,True,0.0007577523898344603
600.0,1.0,43200.0,43350.0,ce27fce,ok,0.16524701873935263,0.0790042792067363,21733.0,True,0.06800369016551837
600.0,2.0,43400.0,43550.0,ce27fce,ok,0.1268862354021782,0.013120687705010745,17682.0,True,0.007249642499336376
600.0,3.0,43600.0,43750.0,ce27fce,ok,0.11653151974888831,0.01914326063078613,19119.0,True,0.012150339598222445
600.0,4.0,43800.0,43950.0,ce27fce,ok,0.1315512246510403,0.016355425363114854,16386.0,True,0.008187332399160736
600.0,5.0,44000.0,44150.0,ce27fce,ok,0.11886916502301118,0.033979829325058185,19335.0,True,0.021943993962349556
600.0,6.0,44200.0,44350.0,ce27fce,ok,0.22163727296657015,0.15547411818598258,21830.0,True,0.1387182908889527
600.0,7.0,44400.0,44550.0,ce27fce,ok,0.14347540983606558,0.05640467515260493,21133.0,True,0.0444193522795812
600.0,8.0,44600.0,44750.0,ce27fce,ok,0.17487555671993713,0.08702578910684058,20086.0,True,0.06895028063777091
600.0,9.0,44800.0,44950.0,ce27fce,ok,0.1395685345961589,0.05850142743482941,21367.0,True,0.04740456709683646
600.0,10.0,45000.0,45150.0,ce27fce,ok,0.17439264609323704,0.07545822423232564,21005.0,True,0.05981434890900439
600.0,11.0,45200.0,45350.0,ce27fce,ok,0.18657401337354138,0.08701247277766778,20204.0,True,0.06344970660568261
600.0,12.0,45400.0,45550.0,ce27fce,ok,0.1509855453350854,0.08023372432738848,22933.0,True,0.07944814266956324
600.0,13.0,45600.0,45750.0,ce27fce,ok,0.1939417781274587,0.1266891891891892,22496.0,True,0.1174719381950437
600.0,14.0,45800.0,45950.0,ce27fce,ok,0.14709355727594803,0.04215456674473068,18788.0,True,0.026324059862129285
600.0,15.0,46000.0,46150.0,ce27fce,ok,0.13111081828962973,0.03511006930289441,19624.0,True,0.023597110238873273
600.0,16.0,46200.0,46350.0,ce27fce,ok,0.1451464600026271,0.0556148694554984,20606.0,True,0.04197734904797482
600.0,17.0,46400.0,46550.0,ce27fce,ok,0.13639926835641494,0.05446037435284747,20088.0,True,0.04013414050568324
600.0,18.0,46600.0,46750.0,ce27fce,ok,0.1555613850996852,0.06435803532959931,18568.0,True,0.04538311948565486
600.0,19.0,46800.0,46950.0,ce27fce,ok,0.22496067121132668,0.15590507726269315,21744.0,True,0.13952352960388778
900.0,0.0,47000.0,47150.0,ce27fce,ok,0.13587526205450734,0.03801381442303048,20703.0,True,0.028132214882824136
900.0,1.0,47200.0,47350.0,ce27fce-dirty,ok,0.10782768584187023,0.030189068054196074,19411.0,True,0.02004908756667297
900.0,2.0,47400.0,47550.0,ce27fce-dirty,ok,0.19812813076720273,0.13204893826466038,21333.0,True,0.11298607728952337
900.0,3.0,47600.0,47750.0,ce27fce-dirty,ok,0.12200235879963307,0.010673472939265618,17239.0,True,0.005579685327670695
900.0,4.0,47800.0,47950.0,ce27fce-dirty,ok,0.19204515620897875,0.11782632957033094,23297.0,True,0.12434925775218483
900.0,5.0,48000.0,48150.0,ce27fce-dirty,ok,0.13353506117616104,0.04858698713735799,21302.0,True,0.03814324555593606
900.0,6.0,48200.0,48350.0,ce27fce-dirty,ok,0.15059288537549406,0.052634148723206875,20481.0,True,0.03947384495799909
900.0,7.0,48400.0,48550.0,ce27fce-dirty,ok,0.1522875816993464,0.05687668546212307,20395.0,True,0.0416835868047881
900.0,8.0,48600.0,48750.0,ce27fce-dirty,ok,0.20210664911125742,0.13228421554601813,20970.0,True,0.10627992365429409
900.0,9.0,48800.0,48950.0,ce27fce-dirty,ok,0.11651123078943912,0.02291349786565919,20381.0,True,0.016413510788035473
900.0,10.0,49000.0,49150.0,ce27fce-dirty,ok,0.13314037626628075,0.045108594765175425,21548.0,True,0.03860682847786579
900.0,11.0,49200.0,49350.0,ce27fce-dirty,ok,0.13437908496732026,0.04235621432340385,20847.0,True,0.032716454014312626
900.0,12.0,49400.0,49550.0,ce27fce-dirty,ok,0.14092283423162877,0.035544271659790544,18906.0,True,0.02281977095297179
900.0,13.0,49600.0,49750.0,ce27fce-dirty,ok,0.15779118572927597,0.04966591255853107,19007.0,True,0.03163492145807378
900.0,14.0,49800.0,49950.0,ce27fce-dirty,ok,0.18993314982304366,0.11318629751290474,21310.0,True,0.09379848001631443
900.0,15.0,50000.0,50150.0,ce27fce-dirty,ok,0.10851287440882816,0.013676795722145097,19449.0,True,0.009156258131667967
900.0,16.0,50200.0,50350.0,ce27fce-dirty,ok,0.2178814892501311,0.13674020292283348,21486.0,True,0.11891427767607263
900.0,17.0,50400.0,50550.0,ce27fce-dirty,ok,0.11680837148463048,0.025821370074188266,20758.0,True,0.019837744433703394
900.0,18.0,50600.0,50750.0,ce27fce-dirty,ok,0.14072912583300667,0.05718869438021988,21193.0,True,0.04494577623115251
900.0,19.0,50800.0,50950.0,ce27fce-dirty,ok,0.11380939879233394,0.020548296182423778,19515.0,True,0.013450067830851994
1200.0,0.0,51000.0,51150.0,ce27fce-dirty,ok,0.19800420168067226,0.09157168713006897,20443.0,True,0.0700567767719467
1200.0,1.0,51200.0,51350.0,ce27fce-dirty,ok,0.2,0.11274864376130199,22120.0,True,0.10074095049501952
1200.0,2.0,51400.0,51550.0,ce27fce,ok,0.12809373354397052,0.02674244690397846,16715.0,True,0.014578986671273149
1200.0,3.0,51600.0,51750.0,ce27fce,ok,0.1543905635648755,0.06340324071821322,20551.0,True,0.04837862488067641
1200.0,4.0,51800.0,51950.0,ce27fce,ok,0.16557247899159663,0.07544769546922399,20438.0,True,0.056555429467807464
1200.0,5.0,52000.0,52150.0,ce27fce,ok,0.19555555555555557,0.1036462034658066,18293.0,True,0.07125303072406948
1200.0,6.0,52200.0,52350.0,ce27fce,ok,0.14197449717365584,0.054946140923016105,20238.0,True,0.04089161365397919
1200.0,7.0,52400.0,52550.0,ce27fce,ok,0.17641669938489726,0.0808690992351537,20527.0,True,0.05969166487696805
1200.0,8.0,52600.0,52750.0,ce27fce,ok,0.1657901656586905,0.08344652721180838,22086.0,True,0.07421122143695748
1200.0,9.0,52800.0,52950.0,ce27fce,ok,0.1474056603773585,0.05668111571805503,21224.0,True,0.0464596698070619
1200.0,10.0,53000.0,53150.0,ce27fce,ok,0.16967792615868027,0.08654545454545455,22000.0,True,0.07860026472471557
1200.0,11.0,53200.0,53350.0,ce27fce,ok,0.13888159621948018,0.05234076753064095,19908.0,True,0.036807956963337385
1200.0,12.0,53400.0,53550.0,ce27fce,ok,0.19955538119523997,0.11979463776383342,22789.0,True,0.11609184946668456
1200.0,13.0,53600.0,53750.0,ce27fce,ok,0.1480267470827324,0.06321944089164992,21892.0,True,0.054451912906890054
1200.0,14.0,53800.0,53950.0,ce27fce,ok,0.2015748031496063,0.12362572547539281,21193.0,True,0.10518521064986155
1200.0,15.0,54000.0,54150.0,ce27fce,ok,0.16982373059721126,0.10859935150933918,21897.0,True,0.09543531704432921
1200.0,16.0,54200.0,54350.0,ce27fce,ok,0.2502301117685733,0.18038106717352,21571.0,True,0.15467878765521964
1200.0,17.0,54400.0,54550.0,ce27fce,ok,0.12000524040351107,0.026915010486367724,20026.0,True,0.01846792606554296
1200.0,18.0,54600.0,54750.0,ce27fce,ok,0.2076933175790994,0.14934618031658636,20342.0,True,0.12381390109159585
1200.0,19.0,54800.0,54950.0,ce27fce,ok,0.12126376507603566,0.040032025620496396,21233.0,True,0.0320374198679272
